Survived,Name,Length,a,b,c,d,e,f,g,h,i,j,k,l,m,n,o,p,q,r,s,t,u,v,w,x,y,z
0,"Braund, Mr. Owen Harris",23,2,1,0,1,1,0,0,1,1,0,0,0,1,2,1,0,0,4,1,0,1,0,1,0,0,0
1,"Cumings, Mrs. John Bradley (Florence Briggs Thayer)",51,2,2,2,1,4,1,3,2,2,1,0,2,2,3,2,0,0,5,3,1,1,0,0,0,2,0
1,"Heikkinen, Miss. Laina",22,2,0,0,0,2,0,0,1,4,0,2,1,1,3,0,0,0,0,2,0,0,0,0,0,0,0
1,"Futrelle, Mrs. Jacques Heath (Lily May Peel)",44,3,0,1,0,6,1,0,2,1,1,0,5,2,0,0,1,1,2,2,2,2,0,0,0,2,0
0,"Allen, Mr. William Henry",24,2,0,0,0,2,0,0,1,2,0,0,4,2,2,0,0,0,2,0,0,0,0,1,0,1,0
0,"Moran, Mr. James",16,2,0,0,0,1,0,0,0,0,1,0,0,3,1,1,0,0,2,1,0,0,0,0,0,0,0
0,"McCarthy, Mr. Timothy J",23,1,0,2,0,0,0,0,2,1,1,0,0,3,0,1,0,0,2,0,3,0,0,0,0,2,0
0,"Palsson, Master. Gosta Leonard",30,4,0,0,1,2,0,1,0,0,0,0,2,1,2,3,1,0,2,4,2,0,0,0,0,0,0
1,"Johnson, Mrs. Oscar W (Elisabeth Vilhelmina Berg)",49,3,2,1,0,4,0,1,3,3,1,0,3,2,3,3,0,0,3,4,1,0,1,1,0,0,0
1,"Nasser, Mrs. Nicholas (Adele Achem)",35,4,0,2,1,4,0,0,2,1,0,0,2,2,2,1,0,0,2,4,0,0,0,0,0,0,0
1,"Sandstrom, Miss. Marguerite Rut",31,2,0,0,1,2,0,1,0,2,0,0,0,3,1,1,0,0,4,4,3,2,0,0,0,0,0
1,"Bonnell, Miss. Elizabeth",24,1,2,0,0,3,0,0,1,2,0,0,3,1,2,1,0,0,0,2,1,0,0,0,0,0,1
0,"Saundercock, Mr. William Henry",30,2,0,2,1,2,0,0,1,2,0,1,2,2,2,1,0,0,3,1,0,1,0,1,0,1,0
0,"Andersson, Mr. Anders Johan",27,3,0,0,2,2,0,0,1,0,1,0,0,1,4,2,0,0,3,3,0,0,0,0,0,0,0
0,"Vestrom, Miss. Hulda Amanda Adolfina",36,6,0,0,3,1,1,0,1,2,0,0,2,3,2,2,0,0,1,3,1,1,1,0,0,0,0
1,"Hewlett, Mrs. (Mary D Kingcome) ",32,1,0,1,1,3,0,1,1,1,0,1,1,3,1,1,0,0,2,1,2,0,0,1,0,1,0
0,"Rice, Master. Eugene",20,1,0,1,0,5,0,1,0,1,0,0,0,1,1,0,0,0,2,1,1,1,0,0,0,0,0
1,"Williams, Mr. Charles Eugene",28,2,0,1,0,4,0,1,1,2,0,0,3,2,1,0,0,0,2,2,0,1,0,1,0,0,0
0,"Vander Planke, Mrs. Julius (Emelia Maria Vandemoortele)",55,6,0,0,2,7,0,0,0,3,1,1,4,4,3,2,1,0,4,2,1,2,2,0,0,0,0
1,"Masselmani, Mrs. Fatima",23,4,0,0,0,1,1,0,0,2,0,0,1,4,1,0,0,0,1,3,1,0,0,0,0,0,0
0,"Fynney, Mr. Joseph J",20,0,0,0,0,2,1,0,1,0,2,0,0,1,2,1,1,0,1,1,0,0,0,0,0,2,0
1,"Beesley, Mr. Lawrence",21,1,1,1,0,5,0,0,0,0,0,0,2,1,1,0,0,0,2,1,0,0,0,1,0,1,0
1,"McGowan, Miss. Anna ""Annie""",27,4,0,1,0,1,0,1,0,2,0,0,0,2,5,1,0,0,0,2,0,0,0,1,0,0,0
1,"Sloper, Mr. William Thompson",28,1,0,0,0,1,0,0,1,2,0,0,3,3,1,3,2,0,2,2,1,0,0,1,0,0,0
0,"Palsson, Miss. Torborg Danira",29,3,1,0,1,0,0,1,0,2,0,0,1,1,2,3,1,0,3,4,1,0,0,0,0,0,0
1,"Asplund, Mrs. Carl Oscar (Selma Augusta Emilia Johansson)",57,8,0,2,1,2,0,1,1,2,1,0,4,3,3,3,1,0,3,7,1,3,0,0,0,0,0
0,"Emir, Mr. Farred Chehab",23,2,1,1,1,3,1,0,2,1,0,0,0,2,0,0,0,0,4,0,0,0,0,0,0,0,0
0,"Fortune, Mr. Charles Alexander",30,3,0,1,1,4,1,0,1,0,0,0,2,1,2,1,0,0,4,1,1,1,0,0,1,0,0
1,"O'Dwyer, Miss. Ellen ""Nellie""",29,0,0,0,1,5,0,0,0,2,0,0,4,1,2,1,0,0,1,2,0,0,0,1,0,1,0
0,"Todoroff, Mr. Lalio",19,1,0,0,1,0,2,0,0,1,0,0,2,1,0,4,0,0,2,0,1,0,0,0,0,0,0
0,"Uruchurtu, Don. Manuel E",24,1,0,1,1,2,0,0,1,0,0,0,1,1,2,1,0,0,2,0,1,5,0,0,0,0,0
1,"Spencer, Mrs. William Augustus (Marie Eugenie)",46,3,0,1,0,6,0,2,0,4,0,0,2,3,2,0,1,0,3,4,1,4,0,1,0,0,0
1,"Glynn, Miss. Mary Agatha",24,4,0,0,0,0,0,2,1,1,0,0,1,2,2,0,0,0,1,2,1,0,0,0,0,2,0
0,"Wheadon, Mr. Edward H",21,2,0,0,3,2,0,0,2,0,0,0,0,1,1,1,0,0,2,0,0,0,0,2,0,0,0
0,"Meyer, Mr. Edgar Joseph",23,1,0,0,1,4,0,1,1,0,1,0,0,2,0,1,1,0,3,1,0,0,0,0,0,1,0
0,"Holverson, Mr. Alexander Oskar",30,3,0,0,1,3,0,0,1,0,0,1,2,1,2,3,0,0,4,2,0,0,1,0,1,0,0
1,"Mamee, Mr. Hanna",16,3,0,0,0,2,0,0,1,0,0,0,0,3,2,0,0,0,1,0,0,0,0,0,0,0,0
0,"Cann, Mr. Ernest Charles",24,2,0,2,0,3,0,0,1,0,0,0,1,1,3,0,0,0,3,2,1,0,0,0,0,0,0
0,"Vander Planke, Miss. Augusta Maria",34,6,0,0,1,2,0,1,0,2,0,1,1,2,2,0,1,0,2,3,1,2,1,0,0,0,0
1,"Nicola-Yarred, Miss. Jamila",27,4,0,1,1,1,0,0,0,3,1,0,2,2,1,1,0,0,2,2,0,0,0,0,0,1,0
0,"Ahlin, Mrs. Johan (Johanna Persdotter Larsson)",46,5,0,0,1,2,0,0,3,1,2,0,2,1,5,4,1,0,4,4,2,0,0,0,0,0,0
0,"Turpin, Mrs. William John Robert (Dorothy Ann Wonnacott)",56,3,1,1,1,1,0,0,2,3,1,0,2,2,6,6,1,0,5,1,5,1,0,2,0,1,0
0,"Kraeff, Mr. Theodor",19,1,0,0,1,2,2,0,1,0,0,1,0,1,0,2,0,0,3,0,1,0,0,0,0,0,0
1,"Laroche, Miss. Simonne Marie Anne Andree",40,4,0,1,1,6,0,0,1,3,0,0,1,3,5,2,0,0,3,3,0,0,0,0,0,0,0
1,"Devaney, Miss. Margaret Delia",29,4,0,0,2,4,0,1,0,2,0,0,1,2,1,0,0,0,2,2,1,0,1,0,0,1,0
0,"Rogers, Mr. William John",24,1,0,0,0,1,0,1,1,2,1,0,2,2,1,2,0,0,3,1,0,0,0,1,0,0,0
0,"Lennon, Mr. Denis",17,0,0,0,1,2,0,0,0,1,0,0,1,1,4,1,0,0,1,1,0,0,0,0,0,0,0
1,"O'Driscoll, Miss. Bridget",25,0,1,1,2,1,0,1,0,3,0,0,2,1,0,2,0,0,2,3,1,0,0,0,0,0,0
0,"Samaan, Mr. Youssef",19,3,0,0,0,1,1,0,0,0,0,0,0,2,1,1,0,0,1,3,0,1,0,0,0,1,0
0,"Arnold-Franchi, Mrs. Josef (Josefine Franchi)",45,3,0,2,1,3,4,0,2,3,2,0,1,1,4,3,0,0,4,3,0,0,0,0,0,0,0
0,"Panula, Master. Juha Niilo",26,4,0,0,0,1,0,0,1,2,1,0,2,1,2,1,1,0,1,1,1,2,0,0,0,0,0
0,"Nosworthy, Mr. Richard Cater",28,2,0,2,1,1,0,0,2,1,0,0,0,1,1,2,0,0,5,1,2,0,0,1,0,1,0
1,"Harper, Mrs. Henry Sleeper (Myna Haxtun)",40,3,0,0,0,5,0,0,3,0,0,0,1,2,3,0,2,0,5,2,1,1,0,0,1,2,0
1,"Faunthorpe, Mrs. Lizzie (Elizabeth Anne Wilkinson)",50,3,1,0,0,5,1,0,2,5,0,1,3,1,5,2,1,0,2,2,2,1,0,1,0,0,3
0,"Ostby, Mr. Engelhart Cornelius",30,1,1,1,0,3,0,1,1,1,0,0,2,1,2,2,0,0,3,2,2,1,0,0,0,1,0
1,"Woolner, Mr. Hugh",17,0,0,0,0,1,0,1,2,0,0,0,1,1,1,2,0,0,2,0,0,1,0,1,0,0,0
1,"Rugg, Miss. Emily",17,0,0,0,0,1,0,2,0,2,0,0,1,2,0,0,0,0,1,2,0,1,0,0,0,1,0
0,"Novel, Mr. Mansouer",19,1,0,0,0,2,0,0,0,0,0,0,1,2,2,2,0,0,2,1,0,1,1,0,0,0,0
1,"West, Miss. Constance Mirium",28,1,0,2,0,2,0,0,0,3,0,0,0,3,2,1,0,0,1,4,2,1,0,1,0,0,0
0,"Goodwin, Master. William Frederick",34,2,0,1,2,3,1,1,0,4,0,1,2,2,1,2,0,0,3,1,1,0,0,2,0,0,0
0,"Sirayanian, Mr. Orsen",21,3,0,0,0,1,0,0,0,2,0,0,0,1,3,1,0,0,3,2,0,0,0,0,0,1,0
1,"Icard, Miss. Amelie",19,2,0,1,1,2,0,0,0,3,0,0,1,2,0,0,0,0,1,2,0,0,0,0,0,0,0
0,"Harris, Mr. Henry Birkhardt",27,2,1,0,1,1,0,0,3,2,0,1,0,1,1,0,0,0,6,1,1,0,0,0,0,1,0
0,"Skoog, Master. Harald",21,3,0,0,1,1,0,1,1,0,0,1,1,1,0,2,0,0,2,2,1,0,0,0,0,0,0
0,"Stewart, Mr. Albert A",21,3,1,0,0,2,0,0,0,0,0,0,1,1,0,0,0,0,3,1,3,0,0,1,0,0,0
1,"Moubarek, Master. Gerios",24,2,1,0,0,3,0,1,0,1,0,1,0,2,0,2,0,0,3,2,1,1,0,0,0,0,0
1,"Nye, Mrs. (Elizabeth Ramell)",28,2,1,0,0,4,0,0,1,1,0,0,3,2,1,0,0,0,2,1,1,0,0,0,0,1,1
0,"Crease, Mr. Ernest James",24,2,0,1,0,5,0,0,0,0,1,0,0,2,1,0,0,0,3,3,1,0,0,0,0,0,0
1,"Andersson, Miss. Erna Alexandra",31,5,0,0,2,3,0,0,0,1,0,0,1,1,4,1,0,0,3,4,0,0,0,0,1,0,0
0,"Kink, Mr. Vincenz",17,0,0,1,0,1,0,0,0,2,0,2,0,1,3,0,0,0,1,0,0,0,1,0,0,0,1
0,"Jenkin, Mr. Stephen Curnow",26,0,0,1,0,3,0,0,1,1,1,1,0,1,4,1,1,0,2,1,1,1,0,1,0,0,0
0,"Goodwin, Miss. Lillian Amy",26,2,0,0,1,0,0,1,0,4,0,0,3,2,2,2,0,0,0,2,0,0,0,1,0,1,0
0,"Hood, Mr. Ambrose Jr",20,1,1,0,1,1,0,0,1,0,1,0,0,2,0,3,0,0,3,1,0,0,0,0,0,0,0
0,"Chronopoulos, Mr. Apostolos",27,1,0,1,0,0,0,0,1,0,0,0,2,1,1,7,2,0,2,3,1,1,0,0,0,0,0
1,"Bing, Mr. Lee",13,0,1,0,0,2,0,1,0,1,0,0,1,1,1,0,0,0,1,0,0,0,0,0,0,0,0
0,"Moen, Mr. Sigurd Hansen",23,1,0,0,1,2,0,1,1,1,0,0,0,2,3,1,0,0,2,2,0,1,0,0,0,0,0
0,"Staneff, Mr. Ivan",17,2,0,0,0,1,2,0,0,1,0,0,0,1,2,0,0,0,1,1,1,0,1,0,0,0,0
0,"Moutal, Mr. Rahamin Haim",24,4,0,0,0,0,0,0,2,2,0,0,1,4,1,1,0,0,2,0,1,1,0,0,0,0,0
1,"Caldwell, Master. Alden Gates",29,4,0,1,2,4,0,1,0,0,0,0,4,1,1,0,0,0,1,2,2,0,0,1,0,0,0
1,"Dowdell, Miss. Elizabeth",24,1,1,0,2,3,0,0,1,2,0,0,3,1,0,1,0,0,0,2,1,0,0,1,0,0,1
0,"Waelens, Mr. Achille",20,2,0,1,0,3,0,0,1,1,0,0,3,1,1,0,0,0,1,1,0,0,0,1,0,0,0
1,"Sheerlinck, Mr. Jan Baptist",27,2,1,1,0,2,0,0,1,2,1,1,1,1,2,0,1,0,2,2,2,0,0,0,0,0,0
1,"McDermott, Miss. Brigdet Delia",30,1,1,1,3,3,0,1,0,3,0,0,1,3,0,1,0,0,2,2,3,0,0,0,0,0,0
0,"Carrau, Mr. Francisco M",23,3,0,3,0,0,1,0,0,1,0,0,0,2,1,1,0,0,4,1,0,1,0,0,0,0,0
1,"Ilett, Miss. Bertha",19,1,1,0,0,2,0,0,1,2,0,0,1,1,0,0,0,0,1,2,3,0,0,0,0,0,0
1,"Backstrom, Mrs. Karl Alfred (Maria Mathilda Gustafsson)",55,8,1,1,2,1,2,1,1,2,0,2,3,4,1,2,0,0,5,5,3,1,0,0,0,0,0
0,"Ford, Mr. William Neal",22,2,0,0,1,1,1,0,0,2,0,0,3,2,1,1,0,0,2,0,0,0,0,1,0,0,0
0,"Slocovski, Mr. Selman Francis",29,2,0,2,0,1,1,0,0,2,0,1,2,2,2,2,0,0,2,4,0,0,1,0,0,0,0
1,"Fortune, Miss. Mabel Helen",26,1,1,0,0,4,1,0,1,1,0,0,2,2,2,1,0,0,1,2,1,1,0,0,0,0,0
0,"Celotti, Mr. Francesco",22,1,0,3,0,2,1,0,0,1,0,0,1,1,1,2,0,0,2,1,2,0,0,0,0,0,0
0,"Christmann, Mr. Emil",20,1,0,1,0,1,0,0,1,2,0,0,1,3,2,0,0,0,2,1,1,0,0,0,0,0,0
0,"Andreasson, Mr. Paul Edvin",26,3,0,0,2,2,0,0,0,1,0,0,1,1,3,1,1,0,2,2,0,1,1,0,0,0,0
0,"Chaffee, Mr. Herbert Fuller",27,1,1,1,0,5,3,0,2,0,0,0,2,1,0,0,0,0,4,0,1,1,0,0,0,0,0
0,"Dean, Mr. Bertram Frank",23,3,1,0,1,2,1,0,0,0,0,1,0,2,2,0,0,0,4,0,1,0,0,0,0,0,0
0,"Coxon, Mr. Daniel",17,1,0,1,1,1,0,0,0,1,0,0,1,1,2,2,0,0,1,0,0,0,0,0,1,0,0
0,"Shorney, Mr. Charles Joseph",27,1,0,1,0,3,0,0,3,0,1,0,1,1,1,2,1,0,3,3,0,0,0,0,0,1,0
0,"Goldschmidt, Mr. George B",25,0,1,1,2,2,0,3,1,1,0,0,1,2,0,2,0,0,2,1,1,0,0,0,0,0,0
1,"Greenfield, Mr. William Bertram",31,2,1,0,1,4,1,1,0,3,0,0,3,3,1,0,0,0,4,0,1,0,0,1,0,0,0
1,"Doling, Mrs. John T (Ada Julia Bone)",36,3,1,0,2,1,0,1,1,2,2,0,2,1,3,3,0,0,1,1,1,1,0,0,0,0,0
0,"Kantor, Mr. Sinai",17,2,0,0,0,0,0,0,0,2,0,1,0,1,2,1,0,0,2,1,1,0,0,0,0,0,0
0,"Petranec, Miss. Matilda",23,3,0,1,1,2,0,0,0,2,0,0,1,2,1,0,1,0,1,2,2,0,0,0,0,0,0
0,"Petroff, Mr. Pastcho (""Pentcho"")",32,1,0,2,0,2,2,0,2,0,0,0,0,1,1,3,3,0,2,1,3,0,0,0,0,0,0
0,"White, Mr. Richard Frasar",25,3,0,1,1,1,1,0,2,2,0,0,0,1,0,0,0,0,5,1,1,0,0,1,0,0,0
0,"Johansson, Mr. Gustaf Joel",26,2,0,0,0,1,1,1,1,0,2,0,1,1,2,3,0,0,1,3,1,1,0,0,0,0,0
0,"Gustafsson, Mr. Anders Vilhelm",30,2,0,0,1,2,1,1,1,1,0,0,2,2,2,1,0,0,2,4,1,1,1,0,0,0,0
0,"Mionoff, Mr. Stoytcho",21,0,0,1,0,0,2,0,1,1,0,0,0,2,1,4,0,0,1,1,2,0,0,0,0,1,0
1,"Salkjelsvik, Miss. Anna Kristine",32,3,0,0,0,2,0,0,0,4,1,3,2,1,3,0,0,0,1,5,1,0,1,0,0,0,0
1,"Moss, Mr. Albert Johan",22,2,1,0,0,1,0,0,1,0,1,0,1,2,1,2,0,0,2,2,1,0,0,0,0,0,0
0,"Rekic, Mr. Tido",15,0,0,1,1,1,0,0,0,2,0,1,0,1,0,1,0,0,2,0,1,0,0,0,0,0,0
1,"Moran, Miss. Bertha",19,2,1,0,0,1,0,0,1,1,0,0,0,2,1,1,0,0,2,2,1,0,0,0,0,0,0
0,"Porter, Mr. Walter Chamberlain",30,3,1,1,0,3,0,0,1,1,0,0,2,2,1,1,1,0,5,0,2,0,0,1,0,0,0
0,"Zabour, Miss. Hileni",20,1,1,0,0,1,0,0,1,3,0,0,1,1,1,1,0,0,1,2,0,1,0,0,0,0,1
0,"Barton, Mr. David John",22,2,1,0,2,0,0,0,1,1,1,0,0,1,2,2,0,0,2,0,1,0,1,0,0,0,0
0,"Jussila, Miss. Katriina",23,3,0,0,0,0,0,0,0,4,1,1,1,1,1,0,0,0,1,4,1,1,0,0,0,0,0
0,"Attalah, Miss. Malake",21,5,0,0,0,1,0,0,1,1,0,1,2,2,0,0,0,0,0,2,2,0,0,0,0,0,0
0,"Pekoniemi, Mr. Edvard",21,1,0,0,2,3,0,0,0,2,0,1,0,2,1,1,1,0,2,0,0,0,1,0,0,0,0
0,"Connors, Mr. Patrick",20,1,0,2,0,0,0,0,0,1,0,1,0,1,2,2,1,0,3,1,1,0,0,0,0,0,0
0,"Turpin, Mr. William John Robert",31,1,1,0,0,1,0,0,1,3,1,0,2,2,2,2,1,0,4,0,2,1,0,1,0,0,0
0,"Baxter, Mr. Quigg Edmond",24,1,1,0,2,2,0,2,0,1,0,0,0,2,1,1,0,1,2,0,1,1,0,0,1,0,0
0,"Andersson, Miss. Ellis Anna Maria",33,5,0,0,1,2,0,0,0,3,0,0,2,2,4,1,0,0,2,5,0,0,0,0,0,0,0
0,"Hickman, Mr. Stanley George",27,2,0,1,0,3,0,2,1,1,0,1,1,2,2,1,0,0,2,1,1,0,0,0,0,1,0
0,"Moore, Mr. Leonard Charles",26,2,0,1,1,3,0,0,1,0,0,0,2,2,1,3,0,0,4,1,0,0,0,0,0,0,0
0,"Nasser, Mr. Nicholas",20,2,0,1,0,1,0,0,1,1,0,0,1,1,2,1,0,0,2,3,0,0,0,0,0,0,0
1,"Webber, Miss. Susan",19,1,2,0,0,2,0,0,0,1,0,0,0,1,1,0,0,0,1,4,0,1,0,1,0,0,0
0,"White, Mr. Percival Wayland",27,3,0,1,1,2,0,0,1,2,0,0,2,1,1,0,1,0,2,0,1,0,1,2,0,1,0
1,"Nicola-Yarred, Master. Elias",28,4,0,1,1,3,0,0,0,2,0,0,2,1,1,1,0,0,3,2,1,0,0,0,0,1,0
0,"McMahon, Mr. Martin",19,2,0,1,0,0,0,0,1,1,0,0,0,4,2,1,0,0,2,0,1,0,0,0,0,0,0
1,"Madsen, Mr. Fridtjof Arne",25,2,0,0,2,2,2,0,0,1,1,0,0,2,2,1,0,0,3,1,1,0,0,0,0,0,0
1,"Peter, Miss. Anna",17,2,0,0,0,2,0,0,0,1,0,0,0,1,2,0,1,0,1,2,1,0,0,0,0,0,0
0,"Ekstrom, Mr. Johan",18,1,0,0,0,1,0,0,1,0,1,1,0,2,1,2,0,0,2,1,1,0,0,0,0,0,0
0,"Drazenoic, Mr. Jozef",20,1,0,1,1,2,1,0,0,1,1,0,0,1,1,2,0,0,2,0,0,0,0,0,0,0,2
0,"Coelho, Mr. Domingos Fernandeo",30,1,0,1,2,3,1,1,1,1,0,0,1,2,3,5,0,0,2,1,0,0,0,0,0,0,0
0,"Robins, Mrs. Alexander A (Grace Charity Laury)",46,6,1,2,1,3,0,1,1,2,0,0,2,1,2,1,0,0,6,2,1,1,0,0,1,2,0
1,"Weisz, Mrs. Leopold (Mathilde Francoise Pede)",45,2,0,1,3,6,1,0,1,3,0,0,3,2,1,3,2,0,2,3,1,0,0,1,0,0,1
0,"Sobey, Mr. Samuel James Hayden",30,3,1,0,1,4,0,0,1,0,1,0,1,3,1,1,0,0,1,3,0,1,0,0,0,2,0
0,"Richard, Mr. Emile",18,1,0,1,1,2,0,0,1,2,0,0,1,2,0,0,0,0,3,0,0,0,0,0,0,0,0
1,"Newsom, Miss. Helen Monypeny",28,0,0,0,0,4,0,0,1,1,0,0,1,3,4,2,1,0,0,3,0,0,0,1,0,2,0
0,"Futrelle, Mr. Jacques Heath",27,2,0,1,0,4,1,0,2,0,1,0,2,1,0,0,0,1,2,1,2,2,0,0,0,0,0
0,"Osen, Mr. Olaf Elon",19,1,0,0,0,2,1,0,0,0,0,0,2,1,2,3,0,0,1,1,0,0,0,0,0,0,0
0,"Giglio, Mr. Victor",18,0,0,1,0,0,0,2,0,3,0,0,1,1,0,2,0,0,2,0,1,0,1,0,0,0,0
0,"Boulos, Mrs. Joseph (Sultana)",29,2,1,0,0,1,0,0,1,0,1,0,2,1,1,3,1,0,1,4,1,2,0,0,0,0,0
1,"Nysten, Miss. Anna Sofia",24,3,0,0,0,1,1,0,0,2,0,0,0,1,4,1,0,0,0,4,1,0,0,0,0,1,0
1,"Hakkarainen, Mrs. Pekka Pietari (Elin Matilda Dolck)",52,7,0,1,2,4,0,0,1,5,0,5,3,2,3,1,2,0,3,1,2,0,0,0,0,0,0
0,"Burke, Mr. Jeremiah",19,1,1,0,0,3,0,0,1,1,1,1,0,2,0,0,0,0,3,0,0,1,0,0,0,0,0
0,"Andrew, Mr. Edgardo Samuel",26,3,0,0,3,3,0,1,0,0,0,0,1,2,1,1,0,0,3,1,0,1,0,1,0,0,0
0,"Nicholls, Mr. Joseph Charles",28,1,0,2,0,2,0,0,3,1,1,0,3,1,1,2,1,0,2,3,0,0,0,0,0,0,0
1,"Andersson, Mr. August Edvard (""Wennerstrom"")",44,3,0,0,3,4,0,1,0,0,0,0,0,2,4,2,0,0,5,4,2,2,1,1,0,0,0
0,"Ford, Miss. Robina Maggie ""Ruby""",32,2,2,0,1,1,1,2,0,3,0,0,0,2,1,2,0,0,3,2,0,1,0,0,0,1,0
0,"Navratil, Mr. Michel (""Louis M Hoffman"")",40,3,0,1,0,1,2,0,2,3,0,0,3,4,2,2,0,0,2,1,1,1,1,0,0,0,0
0,"Byles, Rev. Thomas Roussel Davids",33,2,1,0,2,3,0,0,1,1,0,0,2,1,0,2,0,0,2,5,1,1,2,0,0,1,0
0,"Bateman, Rev. Robert James",26,3,2,0,0,4,0,0,0,0,1,0,0,2,1,1,0,0,3,1,2,0,1,0,0,0,0
1,"Pears, Mrs. Thomas (Edith Wearne)",33,3,0,0,1,4,0,0,2,1,0,0,0,2,1,1,1,0,3,3,2,0,0,1,0,0,0
0,"Meo, Mr. Alfonzo",16,1,0,0,0,1,1,0,0,0,0,0,1,2,1,3,0,0,1,0,0,0,0,0,0,0,1
0,"van Billiard, Mr. Austin Blyler",31,3,2,0,1,1,0,0,0,3,0,0,4,1,2,0,0,0,3,1,1,1,1,0,0,1,0
0,"Olsen, Mr. Ole Martin",21,1,0,0,0,2,0,0,0,1,0,0,2,2,2,2,0,0,2,1,1,0,0,0,0,0,0
0,"Williams, Mr. Charles Duane",27,3,0,1,1,2,0,0,1,2,0,0,3,2,1,0,0,0,2,2,0,1,0,1,0,0,0
1,"Gilnagh, Miss. Katherine ""Katie""",32,3,0,0,0,3,0,2,2,4,0,2,1,1,2,0,0,0,1,2,2,0,0,0,0,0,0
0,"Corn, Mr. Harry",15,1,0,1,0,0,0,0,1,0,0,0,0,1,1,1,0,0,4,0,0,0,0,0,0,1,0
0,"Smiljanic, Mr. Mile",19,1,0,1,0,1,0,0,0,3,1,0,2,3,1,0,0,0,1,1,0,0,0,0,0,0,0
0,"Sage, Master. Thomas Henry",26,3,0,0,0,3,0,1,2,0,0,0,0,2,1,1,0,0,2,3,2,0,0,0,0,1,0
0,"Cribb, Mr. John Hatfield",24,1,2,1,1,1,1,0,2,2,1,0,1,1,1,1,0,0,2,0,1,0,0,0,0,0,0
1,"Watt, Mrs. James (Elizabeth ""Bessie"" Inglis Milne)",50,3,2,0,0,6,0,1,1,5,1,0,3,3,2,0,0,0,1,5,3,0,0,1,0,0,1
0,"Bengtsson, Mr. John Viktor",26,0,1,0,0,1,0,1,1,1,1,1,0,1,3,3,0,0,2,2,2,0,1,0,0,0,0
0,"Calic, Mr. Jovo",15,1,0,2,0,0,0,0,0,1,1,0,1,1,0,2,0,0,1,0,0,0,1,0,0,0,0
0,"Panula, Master. Eino Viljami",28,4,0,0,0,2,0,0,0,3,1,0,2,2,2,1,1,0,1,1,1,1,1,0,0,0,0
1,"Goldsmith, Master. Frank John William ""Frankie""",47,4,0,0,1,2,2,1,2,4,1,2,3,3,3,2,0,0,3,2,2,0,0,1,0,0,0
1,"Chibnall, Mrs. (Edith Martha Bowerman)",38,4,2,1,1,2,0,0,3,2,0,0,2,3,2,1,0,0,3,1,2,0,0,1,0,0,0
0,"Skoog, Mrs. William (Anna Bernhardina Karlsson)",47,6,1,0,1,1,0,1,1,3,0,2,3,2,5,3,0,0,4,4,0,0,0,1,0,0,0
0,"Baumann, Mr. John D",19,2,1,0,1,0,0,0,1,0,1,0,0,2,3,1,0,0,1,0,0,1,0,0,0,0,0
0,"Ling, Mr. Lee",13,0,0,0,0,2,0,1,0,1,0,0,2,1,1,0,0,0,1,0,0,0,0,0,0,0,0
0,"Van der hoef, Mr. Wyckoff",25,1,0,1,1,2,3,0,1,0,0,1,0,1,1,2,0,0,2,0,0,0,1,1,0,1,0
0,"Rice, Master. Arthur",20,2,0,1,0,2,0,0,1,1,0,0,0,1,0,0,0,0,4,1,2,1,0,0,0,0,0
1,"Johnson, Miss. Eleanor Ileen",28,1,0,0,0,4,0,0,1,2,1,0,2,1,4,3,0,0,1,3,0,0,0,0,0,0,0
0,"Sivola, Mr. Antti Wilhelm",25,2,0,0,0,1,0,0,1,3,0,0,3,2,1,1,0,0,1,1,2,0,1,1,0,0,0
0,"Smith, Mr. James Clinch",23,1,0,2,0,1,0,0,2,2,1,0,1,3,1,0,0,0,1,2,1,0,0,0,0,0,0
0,"Klasen, Mr. Klas Albin",22,3,1,0,0,1,0,0,0,1,0,2,3,1,2,0,0,0,1,2,0,0,0,0,0,0,0
0,"Lefebre, Master. Henry Forbes",29,1,2,0,0,6,2,0,1,0,0,0,1,1,1,1,0,0,4,2,1,0,0,0,0,1,0
0,"Isham, Miss. Ann Elizabeth",26,3,1,0,0,2,0,0,2,3,0,0,1,2,2,0,0,0,0,3,1,0,0,0,0,0,1
0,"Hale, Mr. Reginald",18,2,0,0,1,2,0,1,1,1,0,0,2,1,1,0,0,0,2,0,0,0,0,0,0,0,0
0,"Leonard, Mr. Lionel",19,1,0,0,1,2,0,0,0,1,0,0,3,1,2,2,0,0,2,0,0,0,0,0,0,0,0
0,"Sage, Miss. Constance Gladys",28,3,0,2,1,2,0,2,0,1,0,0,1,1,2,1,0,0,0,5,1,0,0,0,0,1,0
0,"Pernot, Mr. Rene",16,0,0,0,0,3,0,0,0,0,0,0,0,1,2,1,1,0,3,0,1,0,0,0,0,0,0
0,"Asplund, Master. Clarence Gustaf Hugo",37,4,0,2,1,3,1,2,1,0,0,0,2,1,2,1,1,0,2,3,2,3,0,0,0,0,0
1,"Becker, Master. Richard F",25,2,1,2,1,3,1,0,1,1,0,1,0,1,0,0,0,0,4,1,1,0,0,0,0,0,0
1,"Kink-Heilmann, Miss. Luise Gretchen",35,1,0,1,0,4,0,1,2,4,0,2,2,2,4,0,0,0,1,3,1,1,0,0,0,0,0
0,"Rood, Mr. Hugh Roscoe",21,0,0,1,1,1,0,1,2,0,0,0,0,1,0,4,0,0,3,1,0,1,0,0,0,0,0
1,"O'Brien, Mrs. Thomas (Johanna ""Hannah"" Godfrey)",47,5,1,0,1,2,1,1,4,1,1,0,0,2,5,4,0,0,3,2,1,0,0,0,0,1,0
1,"Romaine, Mr. Charles Hallace (""Mr C Rolmane"")",45,5,0,3,0,4,0,0,2,1,0,0,4,4,2,2,0,0,5,1,0,0,0,0,0,0,0
0,"Bourke, Mr. John",16,0,1,0,0,1,0,0,1,0,1,1,0,1,1,2,0,0,2,0,0,1,0,0,0,0,0
0,"Turcin, Mr. Stjepan",19,1,0,1,0,1,0,0,0,1,1,0,0,1,2,0,1,0,2,1,2,1,0,0,0,0,0
1,"Pinsky, Mrs. (Rosa)",19,1,0,0,0,0,0,0,0,1,0,1,0,1,1,1,1,0,2,3,0,0,0,0,0,1,0
0,"Carbines, Mr. William",21,2,1,1,0,1,0,0,0,3,0,0,2,2,1,0,0,0,2,1,0,0,0,1,0,0,0
1,"Andersen-Jensen, Miss. Carla Christine Nielsine",47,3,0,2,1,7,0,0,1,5,1,0,2,1,7,0,0,0,3,6,1,0,0,0,0,0,0
1,"Navratil, Master. Michel M",26,3,0,1,0,2,0,0,1,2,0,0,2,3,1,0,0,0,2,1,2,0,1,0,0,0,0
1,"Brown, Mrs. James Joseph (Margaret Tobin)",41,3,2,0,0,3,0,1,1,1,2,0,0,3,2,3,1,0,4,3,2,0,0,1,0,0,0
1,"Lurette, Miss. Elise",20,0,0,0,0,4,0,0,0,2,0,0,2,1,0,0,0,0,1,3,2,1,0,0,0,0,0
0,"Mernagh, Mr. Robert",19,1,1,0,0,2,0,1,1,0,0,0,0,2,1,1,0,0,4,0,1,0,0,0,0,0,0
0,"Olsen, Mr. Karl Siegwart Andreas",32,4,0,0,1,3,0,1,0,1,0,1,2,1,2,1,0,0,4,3,1,0,0,1,0,0,0
1,"Madigan, Miss. Margaret ""Maggie""",32,5,0,0,1,2,0,4,0,3,0,0,0,4,1,0,0,0,2,2,1,0,0,0,0,0,0
0,"Yrois, Miss. Henriette (""Mrs Harbeck"")",38,1,1,1,0,4,0,0,2,3,0,1,0,2,1,1,0,0,4,4,2,0,0,0,0,1,0
0,"Vande Walle, Mr. Nestor Cyriel",30,2,0,1,1,4,0,0,0,1,0,0,3,1,2,1,0,0,3,1,1,0,1,1,0,1,0
0,"Sage, Mr. Frederick",19,1,0,1,1,3,1,1,0,1,0,1,0,1,0,0,0,0,3,1,0,0,0,0,0,0,0
0,"Johanson, Mr. Jakob Alfred",26,3,1,0,1,1,1,0,1,0,2,1,1,1,2,3,0,0,2,1,0,0,0,0,0,0,0
0,"Youseff, Mr. Gerious",20,0,0,0,0,2,2,1,0,1,0,0,0,1,0,2,0,0,2,2,0,2,0,0,0,1,0
1,"Cohen, Mr. Gurshon ""Gus""",24,0,0,1,0,1,0,2,2,0,0,0,0,1,2,2,0,0,2,2,0,2,0,0,0,0,0
0,"Strom, Miss. Telma Matilda",26,3,0,0,1,1,0,0,0,2,0,0,2,4,0,1,0,0,1,3,3,0,0,0,0,0,0
0,"Backstrom, Mr. Karl Alfred",26,3,1,1,1,1,1,0,0,0,0,2,2,2,0,1,0,0,4,1,1,0,0,0,0,0,0
1,"Albimona, Mr. Nassef Cassem",27,4,1,1,0,2,1,0,0,1,0,0,1,3,2,1,0,0,1,4,0,0,0,0,0,0,0
1,"Carr, Miss. Helen ""Ellen""",25,1,0,1,0,4,0,0,1,1,0,0,3,1,2,0,0,0,2,2,0,0,0,0,0,0,0
1,"Blank, Mr. Henry",16,1,1,0,0,1,0,0,1,0,0,1,1,1,2,0,0,0,2,0,0,0,0,0,0,1,0
0,"Ali, Mr. Ahmed",14,2,0,0,1,1,0,0,1,1,0,0,1,2,0,0,0,0,1,0,0,0,0,0,0,0,0
1,"Cameron, Miss. Clear Annie",26,3,0,2,0,3,0,0,0,2,0,0,1,2,3,1,0,0,2,2,0,0,0,0,0,0,0
0,"Perkin, Mr. John Henry",22,0,0,0,0,2,0,0,2,1,1,1,0,1,3,1,1,0,3,0,0,0,0,0,0,1,0
0,"Givard, Mr. Hans Kristensen",27,2,0,0,1,2,0,1,1,2,0,1,0,1,3,0,0,0,3,3,1,0,1,0,0,0,0
0,"Kiernan, Mr. Philip",19,1,0,0,0,1,0,0,1,3,0,1,1,1,2,0,2,0,2,0,0,0,0,0,0,0,0
1,"Newell, Miss. Madeleine",23,1,0,0,1,5,0,0,0,2,0,0,3,2,2,0,0,0,0,2,0,0,0,1,0,0,0
1,"Honkanen, Miss. Eliina",22,2,0,0,0,2,0,0,1,3,0,1,1,1,4,1,0,0,0,2,0,0,0,0,0,0,0
0,"Jacobsohn, Mr. Sidney Samuel",28,2,1,1,1,2,0,0,1,1,1,0,1,2,2,2,0,0,1,3,0,1,0,0,0,1,0
1,"Bazzani, Miss. Albina",21,4,2,0,0,0,0,0,0,3,0,0,1,1,2,0,0,0,0,2,0,0,0,0,0,0,2
0,"Harris, Mr. Walter",18,2,0,0,0,1,0,0,1,1,0,0,1,1,0,0,0,0,4,1,1,0,0,1,0,0,0
1,"Sunderland, Mr. Victor Francis",30,2,0,2,2,1,1,0,0,2,0,0,1,1,3,1,0,0,4,2,1,1,1,0,0,0,0
0,"Bracken, Mr. James H",20,2,1,1,0,2,0,0,1,0,1,1,0,2,1,0,0,0,2,1,0,0,0,0,0,0,0
0,"Green, Mr. George Henry",23,0,0,0,0,5,0,3,1,0,0,0,0,1,2,1,0,0,4,0,0,0,0,0,0,1,0
0,"Nenkoff, Mr. Christo",20,0,0,1,0,1,2,0,1,1,0,1,0,1,2,2,0,0,2,1,1,0,0,0,0,0,0
1,"Hoyt, Mr. Frederick Maxfield",28,1,0,1,2,3,2,0,1,2,0,1,1,2,0,1,0,0,3,0,1,0,0,0,1,1,0
0,"Berglund, Mr. Karl Ivar Sven",28,2,1,0,1,2,0,1,0,1,0,1,2,1,2,0,0,0,4,1,0,1,2,0,0,0,0
1,"Mellors, Mr. William John",25,1,0,0,0,1,0,0,1,2,1,0,4,3,1,2,0,0,2,1,0,0,0,1,0,0,0
0,"Lovell, Mr. John Hall (""Henry"")",31,1,0,0,0,2,0,0,3,0,1,0,5,1,2,2,0,0,2,0,0,0,1,0,0,1,0
0,"Fahlstrom, Mr. Arne Jonas",25,3,0,0,0,1,1,0,1,0,1,0,1,2,2,2,0,0,3,2,1,0,0,0,0,0,0
0,"Lefebre, Miss. Mathilde",23,1,1,0,1,4,1,0,1,2,0,0,2,2,0,0,0,0,1,2,1,0,0,0,0,0,0
1,"Harris, Mrs. Henry Birkhardt (Irene Wallach)",44,4,1,1,1,3,0,0,4,3,0,1,2,1,2,0,0,0,7,2,1,0,0,1,0,1,0
0,"Larsson, Mr. Bengt Edvin",24,1,1,0,1,2,0,1,0,1,0,0,1,1,3,1,0,0,2,2,1,0,1,0,0,0,0
0,"Sjostedt, Mr. Ernst Adolf",25,1,0,0,2,2,1,0,0,0,1,0,1,1,1,2,0,0,2,3,3,0,0,0,0,0,0
1,"Asplund, Miss. Lillian Gertrud",30,2,0,0,2,1,0,1,0,3,0,0,4,1,2,0,1,0,2,3,1,2,0,0,0,0,0
0,"Leyson, Mr. Robert William Norman",33,2,1,0,0,2,0,0,0,2,0,0,3,3,3,3,0,0,4,1,1,0,0,1,0,1,0
0,"Harknett, Miss. Alice Phoebe",28,2,1,1,0,4,0,0,2,2,0,1,1,1,1,1,1,0,1,2,2,0,0,0,0,0,0
0,"Hold, Mr. Stephen",17,0,0,0,1,2,0,0,2,0,0,0,1,1,1,1,1,0,1,1,1,0,0,0,0,0,0
1,"Collyer, Miss. Marjorie ""Lottie""",32,1,0,1,0,3,0,0,0,3,1,0,3,2,0,3,0,0,3,2,2,0,0,0,0,1,0
0,"Pengelly, Mr. Frederick William",31,1,0,1,1,4,1,1,0,3,0,1,4,2,1,0,1,0,3,0,0,0,0,1,0,1,0
0,"Hunt, Mr. George Henry",22,0,0,0,0,3,0,2,2,0,0,0,0,1,2,1,0,0,3,0,1,1,0,0,0,1,0
0,"Zabour, Miss. Thamine",21,2,1,0,0,1,0,0,1,2,0,0,0,2,1,1,0,0,1,2,1,1,0,0,0,0,1
1,"Murphy, Miss. Katherine ""Kate""",30,2,0,0,0,3,0,0,2,2,0,2,0,2,1,0,1,0,2,2,2,1,0,0,0,1,0
0,"Coleridge, Mr. Reginald Charles",31,2,0,2,2,4,0,2,1,2,0,0,3,1,1,1,0,0,4,1,0,0,0,0,0,0,0
0,"Maenpaa, Mr. Matti Alexanteri",29,6,0,0,0,3,0,0,0,2,0,0,1,3,2,0,1,0,2,0,3,0,0,0,1,0,0
0,"Attalah, Mr. Sleiman",20,4,0,0,0,1,0,0,1,1,0,0,2,2,1,0,0,0,1,1,2,0,0,0,0,0,0
0,"Minahan, Dr. William Edward",27,4,0,0,3,1,0,0,1,3,0,0,2,2,2,0,0,0,2,0,0,0,0,2,0,0,0
0,"Lindahl, Miss. Agda Thorilda Viktoria",37,5,0,0,3,0,0,1,2,5,0,1,3,1,1,2,0,0,2,2,2,0,1,0,0,0,0
1,"Hamalainen, Mrs. William (Anna)",31,6,0,0,0,1,0,0,1,3,0,0,3,3,4,0,0,0,1,1,0,0,0,1,0,0,0
1,"Beckwith, Mr. Richard Leonard",29,2,1,2,2,2,0,0,2,2,0,1,1,1,1,1,0,0,4,0,1,0,0,1,0,0,0
0,"Carter, Rev. Ernest Courtenay",29,2,0,2,0,5,0,0,0,0,0,0,0,0,2,1,0,0,5,1,3,1,1,0,0,1,0
0,"Reed, Mr. James George",22,1,0,0,1,5,0,2,0,0,1,0,0,2,0,1,0,0,3,1,0,0,0,0,0,0,0
0,"Strom, Mrs. Wilhelm (Elna Matilda Persson)",42,3,0,0,1,3,0,0,1,2,0,0,4,4,2,2,1,0,3,4,2,0,0,1,0,0,0
0,"Stead, Mr. William Thomas",25,3,0,0,1,1,0,0,1,2,0,0,2,3,0,1,0,0,1,2,2,0,0,1,0,0,0
0,"Lobb, Mr. William Arthur",24,2,2,0,0,0,0,0,1,2,0,0,3,2,0,1,0,0,3,0,1,1,0,1,0,0,0
0,"Rosblom, Mrs. Viktor (Helena Wilhelmina)",40,2,1,0,0,3,0,0,2,3,0,1,4,3,2,3,0,0,3,2,1,0,1,1,0,0,0
1,"Touma, Mrs. Darwis (Hanne Youssef Razi)",39,4,0,0,1,2,1,0,1,2,0,0,0,2,2,2,0,0,3,4,1,2,0,1,0,1,1
1,"Thorne, Mrs. Gertrude Maybelle",30,1,1,0,1,5,0,1,1,0,0,0,2,2,1,1,0,0,4,1,2,1,0,0,0,1,0
1,"Cherry, Miss. Gladys",20,1,0,1,1,1,0,1,1,1,0,0,1,1,0,0,0,0,2,3,0,0,0,0,0,2,0
1,"Ward, Miss. Anna",16,3,0,0,1,0,0,0,0,1,0,0,0,1,2,0,0,0,1,2,0,0,0,1,0,0,0
1,"Parrish, Mrs. (Lutie Davis)",27,2,0,0,1,1,0,0,1,3,0,0,1,1,0,0,1,0,3,3,1,1,1,0,0,0,0
0,"Smith, Mr. Thomas",17,1,0,0,0,0,0,0,2,1,0,0,0,3,0,1,0,0,1,2,2,0,0,0,0,0,0
1,"Asplund, Master. Edvin Rojj Felix",33,2,0,0,2,3,1,0,0,2,2,0,2,1,2,1,1,0,2,2,1,1,1,0,1,0,0
0,"Taussig, Mr. Emil",17,1,0,0,0,1,0,1,0,2,0,0,1,2,0,0,0,0,1,2,1,1,0,0,0,0,0
0,"Harrison, Mr. William",21,2,0,0,0,0,0,0,1,3,0,0,2,2,1,1,0,0,3,1,0,0,0,1,0,0,0
0,"Henry, Miss. Delia",18,1,0,0,1,2,0,0,1,2,0,0,1,1,1,0,0,0,1,2,0,0,0,0,0,1,0
0,"Reeves, Mr. David",17,1,0,0,2,3,0,0,0,1,0,0,0,1,0,0,0,0,2,1,0,0,2,0,0,0,0
0,"Panula, Mr. Ernesti Arvid",25,3,0,0,1,2,0,0,0,2,0,0,1,1,2,0,1,0,3,1,1,1,1,0,0,0,0
1,"Persson, Mr. Ernst Ulrik",24,0,0,0,0,2,0,0,0,1,0,1,1,1,2,1,1,0,4,3,1,1,0,0,0,0,0
1,"Graham, Mrs. William Thompson (Edith Junkins)",45,3,0,0,1,1,0,1,3,4,1,1,2,4,3,2,1,0,2,3,2,1,0,1,0,0,0
1,"Bissette, Miss. Amelia",22,2,1,0,0,3,0,0,0,3,0,0,1,2,0,0,0,0,0,4,2,0,0,0,0,0,0
0,"Cairns, Mr. Alexander",21,3,0,1,1,2,0,0,0,1,0,0,1,1,2,0,0,0,3,1,0,0,0,0,1,0,0
1,"Tornquist, Mr. William Henry",28,1,0,0,0,1,0,0,1,3,0,0,2,2,2,1,0,1,3,1,2,1,0,1,0,1,0
1,"Mellinger, Mrs. (Elizabeth Anne Maidment)",41,3,1,0,1,6,0,1,1,3,0,0,3,4,4,0,0,0,2,1,2,0,0,0,0,0,1
0,"Natsch, Mr. Charles H",21,2,0,2,0,1,0,0,3,0,0,0,1,1,1,0,0,0,2,2,1,0,0,0,0,0,0
1,"Healy, Miss. Hanora ""Nora""",26,4,0,0,0,1,0,0,2,1,0,0,1,1,2,2,0,0,2,2,0,0,0,0,0,1,0
1,"Andrews, Miss. Kornelia Theodosia",33,3,0,0,2,3,0,0,1,3,0,1,1,1,2,3,0,0,2,4,1,0,0,1,0,0,0
0,"Lindblom, Miss. Augusta Charlotta",33,4,1,1,1,0,0,1,1,2,0,0,3,2,1,2,0,0,1,3,3,2,0,0,0,0,0
0,"Parkes, Mr. Francis ""Frank""",27,3,0,1,0,1,2,0,0,1,0,2,0,1,2,0,1,0,4,2,0,0,0,0,0,0,0
0,"Rice, Master. Eric",18,1,0,2,0,3,0,0,0,2,0,0,0,1,0,0,0,0,3,1,1,0,0,0,0,0,0
1,"Abbott, Mrs. Stanton (Rosa Hunt)",32,3,2,0,0,0,0,0,1,0,0,0,0,1,3,3,0,0,2,3,5,1,0,0,0,0,0
0,"Duane, Mr. Frank",16,2,0,0,1,1,1,0,0,0,0,1,0,1,2,0,0,0,2,0,0,1,0,0,0,0,0
0,"Olsson, Mr. Nils Johan Goransson",32,2,0,0,0,0,0,1,1,1,1,0,2,1,5,5,0,0,2,5,0,0,0,0,0,0,0
0,"de Pelsmaeker, Mr. Alfons",25,2,0,0,1,4,1,0,0,0,0,1,2,2,1,1,1,0,2,2,0,0,0,0,0,0,0
1,"Dorking, Mr. Edward Arthur",26,2,0,0,3,1,0,1,1,1,0,1,0,1,1,1,0,0,5,0,1,1,0,1,0,0,0
0,"Smith, Mr. Richard William",26,2,0,1,1,0,0,0,2,4,0,0,2,3,0,0,0,0,3,1,1,0,0,1,0,0,0
0,"Stankovic, Mr. Ivan",19,2,0,1,0,0,0,0,0,2,0,1,0,1,2,1,0,0,1,1,1,0,2,0,0,0,0
1,"de Mulder, Mr. Theodore",23,0,0,0,3,4,0,0,1,0,0,0,1,2,0,2,0,0,3,0,1,1,0,0,0,0,0
0,"Naidenoff, Mr. Penko",20,1,0,0,1,2,2,0,0,1,0,1,0,1,3,2,1,0,1,0,0,0,0,0,0,0,0
1,"Hosono, Mr. Masabumi",20,2,1,0,0,0,0,0,1,1,0,0,0,3,1,3,0,0,1,2,0,1,0,0,0,0,0
1,"Connolly, Miss. Kate",20,1,0,1,0,1,0,0,0,1,0,1,2,1,2,2,0,0,0,2,1,0,0,0,0,1,0
1,"Barber, Miss. Ellen ""Nellie""",28,1,2,0,0,5,0,0,0,2,0,0,4,1,2,0,0,0,2,2,0,0,0,0,0,0,0
1,"Bishop, Mrs. Dickinson H (Helen Walton)",39,1,1,1,1,2,0,0,3,3,0,1,2,1,4,3,1,0,1,3,1,0,0,1,0,0,0
0,"Levy, Mr. Rene Jacques",22,1,0,1,0,4,0,0,0,0,1,0,1,1,1,0,0,1,2,1,0,1,1,0,0,1,0
0,"Haas, Miss. Aloisia",19,4,0,0,0,0,0,0,1,3,0,0,1,1,0,1,0,0,0,4,0,0,0,0,0,0,0
0,"Mineff, Mr. Ivan",16,1,0,0,0,1,2,0,0,2,0,0,0,2,2,0,0,0,1,0,0,0,1,0,0,0,0
0,"Lewy, Mr. Ervin G",17,0,0,0,0,2,0,1,0,1,0,0,1,1,1,0,0,0,2,0,0,0,1,1,0,1,0
0,"Hanna, Mr. Mansour",18,3,0,0,0,0,0,0,1,0,0,0,0,2,3,1,0,0,2,1,0,1,0,0,0,0,0
0,"Allison, Miss. Helen Loraine",28,2,0,0,0,3,0,0,1,3,0,0,4,1,3,2,0,0,1,3,0,0,0,0,0,0,0
1,"Saalfeld, Mr. Adolphe",21,3,0,0,2,2,1,0,1,0,0,0,3,1,0,1,1,0,1,1,0,0,0,0,0,0,0
1,"Baxter, Mrs. James (Helene DeLaudeniere Chaput)",47,4,1,1,2,9,0,0,2,1,1,0,2,2,2,0,1,0,3,2,2,2,0,0,1,0,0
1,"Kelly, Miss. Anna Katherine ""Annie Kate""",40,5,0,0,0,5,0,0,1,3,0,3,2,1,5,0,0,0,1,2,2,0,0,0,0,1,0
1,"McCoy, Mr. Bernard",18,1,1,2,1,1,0,0,0,0,0,0,0,2,1,1,0,0,3,0,0,0,0,0,0,1,0
0,"Johnson, Mr. William Cahoone Jr",31,2,0,1,0,1,0,0,2,2,2,0,2,2,3,4,0,0,2,1,0,0,0,1,0,0,0
1,"Keane, Miss. Nora A",19,3,0,0,0,2,0,0,0,1,0,1,0,1,2,1,0,0,1,2,0,0,0,0,0,0,0
0,"Williams, Mr. Howard Hugh ""Harry""",33,3,0,0,1,0,0,1,4,2,0,0,2,2,0,1,0,0,4,1,0,1,0,2,0,1,0
1,"Allison, Master. Hudson Trevor",30,2,0,0,1,2,0,0,1,1,0,0,2,1,2,3,0,0,3,3,2,1,1,0,0,0,0
1,"Fleming, Miss. Margaret",23,2,0,0,0,2,1,2,0,2,0,0,1,3,1,0,0,0,2,2,1,0,0,0,0,0,0
1,"Penasco y Castellana, Mrs. Victor de Satode (Maria Josefa Perez de Soto y Vallejo)",82,9,0,3,3,9,1,0,0,2,2,0,4,2,2,7,2,0,4,6,4,0,2,0,0,2,1
0,"Abelson, Mr. Samuel",19,2,1,0,0,2,0,0,0,0,0,0,2,2,1,1,0,0,1,2,0,1,0,0,0,0,0
1,"Francatelli, Miss. Laura Mabel",30,5,1,1,0,2,1,0,0,2,0,0,4,2,1,0,0,0,2,2,1,1,0,0,0,0,0
1,"Hays, Miss. Margaret Bechstein",30,3,1,1,0,3,0,1,2,2,0,0,0,2,1,0,0,0,2,4,2,0,0,0,0,1,0
1,"Ryerson, Miss. Emily Borie",26,0,1,0,0,3,0,0,0,3,0,0,1,2,1,2,0,0,3,3,0,0,0,0,0,2,0
0,"Lahtinen, Mrs. William (Anna Sylfven)",37,4,0,0,0,2,1,0,1,3,0,0,4,2,5,0,0,0,1,2,1,0,1,1,0,1,0
0,"Hendekovic, Mr. Ignjac",22,1,0,2,1,2,0,1,1,2,1,1,0,1,2,1,0,0,1,0,0,0,1,0,0,0,0
0,"Hart, Mr. Benjamin",18,2,1,0,0,1,0,0,1,1,1,0,0,2,2,0,0,0,2,0,1,0,0,0,0,0,0
1,"Nilsson, Miss. Helmina Josefina",31,2,0,0,0,2,1,0,1,4,1,0,2,2,4,2,0,0,0,5,0,0,0,0,0,0,0
1,"Kantor, Mrs. Sinai (Miriam Sternin)",35,3,0,0,0,1,0,0,0,5,0,1,0,3,4,1,0,0,4,3,2,0,0,0,0,0,0
0,"Moraweck, Dr. Ernest",20,1,0,1,1,3,0,0,0,0,0,1,0,1,1,1,0,0,3,1,1,0,0,1,0,0,0
1,"Wick, Miss. Mary Natalie",24,3,0,1,0,1,0,0,0,3,0,1,1,2,1,0,0,0,1,2,1,0,0,1,0,1,0
1,"Spedden, Mrs. Frederic Oakley (Margaretta Corning Stone)",56,4,0,2,3,7,1,2,0,2,0,1,1,2,4,3,1,0,6,3,3,0,0,0,0,1,0
0,"Dennis, Mr. Samuel",18,1,0,0,1,2,0,0,0,1,0,0,1,2,2,0,0,0,1,2,0,1,0,0,0,0,0
0,"Danoff, Mr. Yoto",16,1,0,0,1,0,2,0,0,0,0,0,0,1,1,3,0,0,1,0,1,0,0,0,0,1,0
1,"Slayter, Miss. Hilda Mary",25,3,0,0,1,1,0,0,1,2,0,0,2,2,0,0,0,0,2,3,1,0,0,0,0,2,0
1,"Caldwell, Mrs. Albert Francis (Sylvia Mae Harbaugh)",51,7,2,2,1,3,1,1,2,2,0,0,5,2,1,0,0,0,4,3,1,1,1,1,0,1,0
0,"Sage, Mr. George John Jr",24,1,0,0,0,3,0,3,1,0,2,0,0,1,1,2,0,0,3,1,0,0,0,0,0,0,0
1,"Young, Miss. Marie Grice",24,1,0,1,0,2,0,2,0,3,0,0,0,2,1,1,0,0,2,2,0,1,0,0,0,1,0
0,"Nysveen, Mr. Johan Hansen",25,2,0,0,0,3,0,0,2,0,1,0,0,1,5,1,0,0,1,2,0,0,1,0,0,1,0
1,"Ball, Mrs. (Ada E Hall)",23,4,1,0,1,1,0,0,1,0,0,0,4,1,0,0,0,0,1,1,0,0,0,0,0,0,0
1,"Goldsmith, Mrs. Frank John (Emily Alice Brown)",46,2,1,1,1,2,1,1,2,3,1,1,3,3,3,3,0,0,3,2,1,0,0,1,0,1,0
1,"Hippach, Miss. Jean Gertrude",28,2,0,1,1,3,0,1,2,2,1,0,0,1,1,0,2,0,2,2,1,1,0,0,0,0,0
1,"McCoy, Miss. Agnes",18,1,0,2,0,1,0,1,0,1,0,0,0,2,1,1,0,0,0,3,0,0,0,0,0,1,0
0,"Partner, Mr. Austen",19,2,0,0,0,2,0,0,0,0,0,0,0,1,2,0,1,0,3,1,2,1,0,0,0,0,0
0,"Graham, Mr. George Edward",25,3,0,0,2,3,0,3,1,0,0,0,0,2,0,1,0,0,4,0,0,0,0,1,0,0,0
0,"Vander Planke, Mr. Leo Edmondus",31,2,0,0,3,4,0,0,0,0,0,1,2,2,3,2,1,0,2,1,0,1,1,0,0,0,0
1,"Frauenthal, Mrs. Henry William (Clara Heinsheimer)",50,5,0,1,0,5,1,0,4,4,0,0,4,3,3,0,0,0,5,2,1,1,0,1,0,1,0
0,"Denkoff, Mr. Mitto",18,0,0,0,1,1,2,0,0,1,0,1,0,2,1,2,0,0,1,0,2,0,0,0,0,0,0
0,"Pears, Mr. Thomas Clinton",25,2,0,1,0,1,0,0,1,1,0,0,1,2,2,2,1,0,2,2,2,0,0,0,0,0,0
1,"Burns, Miss. Elizabeth Margaret",31,3,2,0,0,3,0,1,1,2,0,0,1,2,1,0,0,0,3,3,2,1,0,0,0,0,1
1,"Dahl, Mr. Karl Edwart",21,3,0,0,2,1,0,0,1,0,0,1,2,1,0,0,0,0,3,0,1,0,0,1,0,0,0
0,"Blackwell, Mr. Stephen Weart",28,2,1,1,0,4,0,0,1,0,0,1,3,1,1,0,1,0,2,1,2,0,0,2,0,0,0
1,"Navratil, Master. Edmond Roger",30,3,0,0,2,3,0,1,0,1,0,0,1,2,2,2,0,0,4,1,2,0,1,0,0,0,0
1,"Fortune, Miss. Alice Elizabeth",30,2,1,1,0,4,1,0,1,3,0,0,2,1,1,1,0,0,1,2,2,1,0,0,0,0,1
0,"Collander, Mr. Erik Gustaf",26,2,0,1,1,2,1,1,0,1,0,1,2,1,1,1,0,0,3,1,1,1,0,0,0,0,0
0,"Sedgwick, Mr. Charles Frederick Waddington",42,2,0,3,4,4,1,2,1,3,0,2,1,1,2,1,0,0,4,2,1,0,0,2,0,0,0
0,"Fox, Mr. Stanley Hubert",23,1,1,0,0,2,1,0,1,0,0,0,1,1,1,1,0,0,2,1,2,1,0,0,1,1,0
1,"Brown, Miss. Amelia ""Mildred""",29,2,1,0,2,2,0,0,0,3,0,0,2,3,1,1,0,0,2,2,0,0,0,1,0,0,0
1,"Smith, Miss. Marion Elsie",25,1,0,0,0,2,0,0,1,4,0,0,1,3,1,1,0,0,1,4,1,0,0,0,0,0,0
1,"Davison, Mrs. Thomas Henry (Mary E Finck)",41,3,0,1,1,2,1,0,2,2,0,1,0,3,3,2,0,0,3,3,1,0,1,0,0,2,0
1,"Coutts, Master. William Loch ""William""",38,3,0,2,0,1,0,0,1,4,0,0,5,3,0,2,0,0,1,2,3,1,0,2,0,0,0
0,"Dimic, Mr. Jovan",16,1,0,1,1,0,0,0,0,2,1,0,0,2,1,1,0,0,1,0,0,0,1,0,0,0,0
0,"Odahl, Mr. Nils Martin",22,2,0,0,1,0,0,0,1,2,0,0,2,2,2,1,0,0,2,1,1,0,0,0,0,0,0
0,"Williams-Lambert, Mr. Fletcher Fellows",38,2,1,1,0,4,2,0,1,2,0,0,6,3,0,1,0,0,3,2,2,0,0,2,0,0,0
0,"Elias, Mr. Tannous",18,2,0,0,0,1,0,0,0,1,0,0,1,1,2,1,0,0,1,2,1,1,0,0,0,0,0
0,"Arnold-Franchi, Mr. Josef",25,2,0,1,1,1,2,0,1,1,1,0,1,1,2,2,0,0,3,1,0,0,0,0,0,0,0
0,"Yousif, Mr. Wazli",17,1,0,0,0,0,1,0,0,2,0,0,1,1,0,1,0,0,1,1,0,1,0,1,0,1,1
0,"Vanden Steen, Mr. Leo Peter",27,1,0,0,1,6,0,0,0,0,0,0,1,1,3,1,1,0,2,1,2,0,1,0,0,0,0
1,"Bowerman, Miss. Elsie Edith",27,1,1,0,1,4,0,0,1,3,0,0,1,2,1,1,0,0,1,3,1,0,0,1,0,0,0
0,"Funk, Miss. Annie Clemmer",25,1,0,1,0,3,1,0,0,2,0,1,1,3,3,0,0,0,1,2,0,1,0,0,0,0,0
1,"McGovern, Miss. Mary",20,1,0,1,0,1,0,1,0,1,0,0,0,3,1,1,0,0,2,2,0,0,1,0,0,1,0
1,"Mockler, Miss. Helen Mary ""Ellie""",33,1,0,1,0,5,0,0,1,2,0,1,4,3,1,1,0,0,2,2,0,0,0,0,0,1,0
0,"Skoog, Mr. Wilhelm",18,0,0,0,0,1,0,1,1,1,0,1,2,2,0,2,0,0,1,1,0,0,0,1,0,0,0
0,"del Carlo, Mr. Sebastiano",25,3,1,1,1,2,0,0,0,1,0,0,2,1,1,2,0,0,2,2,1,0,0,0,0,0,0
0,"Barbara, Mrs. (Catherine David)",31,5,2,1,2,2,0,0,1,2,0,0,0,1,1,0,0,0,4,1,1,0,1,0,0,0,0
0,"Asim, Mr. Adola",15,3,0,0,1,0,0,0,0,1,0,0,1,2,0,1,0,0,1,1,0,0,0,0,0,0,0
0,"O'Brien, Mr. Thomas",19,1,1,0,0,1,0,0,1,1,0,0,0,2,1,2,0,0,2,1,1,0,0,0,0,0,0
0,"Adahl, Mr. Mauritz Nils Martin",30,4,0,0,1,0,0,0,1,3,0,0,2,3,2,0,0,0,3,1,2,1,0,0,0,0,1
1,"Warren, Mrs. Frank Manley (Anna Sophia Atkinson)",48,7,0,0,0,2,1,0,1,2,0,2,1,2,7,2,1,0,4,3,1,0,0,1,0,1,0
1,"Moussa, Mrs. (Mantoura Boulos)",30,3,1,0,0,0,0,0,0,0,0,0,1,3,1,4,0,0,2,4,1,3,0,0,0,0,0
1,"Jermyn, Miss. Annie",19,1,0,0,0,2,0,0,0,2,1,0,0,2,3,0,0,0,1,2,0,0,0,0,0,1,0
1,"Aubart, Mme. Leontine Pauline",29,3,1,0,0,4,0,0,0,2,0,0,2,2,3,1,1,0,1,0,2,2,0,0,0,0,0
1,"Harder, Mr. George Achilles",27,2,0,1,1,4,0,2,2,1,0,0,2,1,0,1,0,0,4,1,0,0,0,0,0,0,0
0,"Wiklund, Mr. Jakob Alfred",25,2,1,0,2,1,1,0,0,1,1,2,2,1,1,1,0,0,2,0,0,1,0,1,0,0,0
0,"Beavan, Mr. William Thomas",26,4,1,0,0,1,0,0,1,2,0,0,2,3,1,1,0,0,1,1,1,0,1,1,0,0,0
0,"Ringhini, Mr. Sante",19,1,0,0,0,1,0,1,1,3,0,0,0,1,3,0,0,0,2,1,1,0,0,0,0,0,0
0,"Palsson, Miss. Stina Viola",26,3,0,0,0,0,0,0,0,3,0,0,2,1,2,2,1,0,0,5,1,0,1,0,0,0,0
1,"Meyer, Mrs. Edgar Joseph (Leila Saks)",37,3,0,0,1,5,0,1,1,1,1,1,2,2,0,1,1,0,3,4,0,0,0,0,0,1,0
1,"Landergren, Miss. Aurora Adelia",31,5,0,0,2,3,0,1,0,2,0,0,2,1,2,1,0,0,4,2,0,1,0,0,0,0,0
0,"Widener, Mr. Harry Elkins",25,1,0,0,1,3,0,0,1,2,0,1,1,1,2,0,0,0,4,1,0,0,0,1,0,1,0
0,"Betros, Mr. Tannous",19,1,1,0,0,1,0,0,0,0,0,0,0,1,2,2,0,0,2,2,2,1,0,0,0,0,0
0,"Gustafsson, Mr. Karl Gideon",27,2,0,0,1,1,1,2,0,1,0,1,1,1,2,2,0,0,2,3,1,1,0,0,0,0,0
1,"Bidois, Miss. Rosalie",21,1,1,0,1,1,0,0,0,4,0,0,1,1,0,2,0,0,1,4,0,0,0,0,0,0,0
1,"Nakid, Miss. Maria (""Mary"")",27,4,0,0,1,0,0,0,0,3,0,1,0,3,1,0,0,0,2,2,0,0,0,0,0,1,0
0,"Tikkanen, Mr. Juho",18,1,0,0,0,1,0,0,1,1,1,2,0,1,2,1,0,0,1,0,1,1,0,0,0,0,0
1,"Holverson, Mrs. Alexander Oskar (Mary Aline Towner)",51,5,0,0,1,5,0,0,1,1,0,1,3,2,4,4,0,0,6,3,1,0,1,1,1,1,0
0,"Plotcharsky, Mr. Vasil",22,2,0,1,0,0,0,0,1,1,0,1,2,1,0,1,1,0,2,2,1,0,1,0,0,1,0
0,"Davies, Mr. Charles Henry",25,2,0,1,1,3,0,0,2,1,0,0,1,1,1,0,0,0,3,2,0,0,1,0,0,1,0
0,"Goodwin, Master. Sidney Leonard",31,2,0,0,3,3,0,1,0,2,0,0,1,1,3,3,0,0,2,2,1,0,0,1,0,1,0
1,"Buss, Miss. Kate",16,1,1,0,0,1,0,0,0,1,0,1,0,1,0,0,0,0,0,4,1,1,0,0,0,0,0
0,"Sadlier, Mr. Matthew",20,2,0,0,1,2,0,0,1,1,0,0,1,2,0,0,0,0,2,1,2,0,0,1,0,0,0
1,"Lehmann, Miss. Bertha",21,2,1,0,0,2,0,0,2,1,0,0,1,2,2,0,0,0,1,2,1,0,0,0,0,0,0
1,"Carter, Mr. William Ernest",26,2,0,1,0,3,0,0,0,2,0,0,2,2,1,0,0,0,4,1,2,0,0,1,0,0,0
1,"Jansson, Mr. Carl Olof",22,2,0,1,0,0,1,0,0,0,1,0,2,1,2,3,0,0,2,2,0,0,0,0,0,0,0
0,"Gustafsson, Mr. Johan Birger",28,2,1,0,0,1,1,2,1,1,1,0,0,1,2,2,0,0,3,3,1,1,0,0,0,0,0
1,"Newell, Miss. Marjorie",22,1,0,0,0,3,0,0,0,2,1,0,2,2,1,1,0,0,2,2,0,0,0,1,0,0,0
1,"Sandstrom, Mrs. Hjalmar (Agnes Charlotta Bengtsson)",51,6,1,1,1,2,0,2,2,0,1,0,2,3,4,3,0,0,4,6,4,0,0,0,0,0,0
0,"Johansson, Mr. Erik",19,1,0,0,0,1,0,0,1,1,1,1,0,1,2,2,0,0,2,2,0,0,0,0,0,0,0
0,"Olsson, Miss. Elina",19,1,0,0,0,1,0,0,0,2,0,0,2,1,2,2,0,0,0,4,0,0,0,0,0,0,0
0,"McKane, Mr. Peter David",23,2,0,1,2,3,0,0,0,1,0,1,0,2,1,0,1,0,2,0,1,0,1,0,0,0,0
0,"Pain, Dr. Alfred",16,2,0,0,2,1,1,0,0,1,0,0,1,0,1,0,1,0,2,0,0,0,0,0,0,0,0
1,"Trout, Mrs. William H (Jessie L)",32,1,0,0,0,2,0,0,1,3,1,0,3,2,0,1,0,0,2,3,2,1,0,1,0,0,0
1,"Niskanen, Mr. Juha",18,2,0,0,0,1,0,0,1,1,1,1,0,1,3,0,0,0,1,1,0,1,0,0,0,0,0
0,"Adams, Mr. John",15,2,0,0,1,0,0,0,1,0,1,0,0,2,1,1,0,0,1,1,0,0,0,0,0,0,0
0,"Jussila, Miss. Mari Aina",24,4,0,0,0,0,0,0,0,4,1,0,1,2,1,0,0,0,1,4,0,1,0,0,0,0,0
0,"Hakkarainen, Mr. Pekka Pietari",30,5,0,0,0,3,0,0,1,3,0,4,0,1,2,0,2,0,3,0,1,0,0,0,0,0,0
0,"Oreskovic, Miss. Marija",23,2,0,1,0,1,0,0,0,3,1,1,0,2,0,2,0,0,2,3,0,0,1,0,0,0,0
0,"Gale, Mr. Shadrach",18,3,0,1,1,1,0,1,2,0,0,0,1,1,0,0,0,0,2,1,0,0,0,0,0,0,0
0,"Widegren, Mr. Carl/Charles Peter",32,2,0,2,1,5,0,1,1,1,0,0,2,1,1,0,1,0,5,1,1,0,0,1,0,0,0
1,"Richards, Master. William Rowe",30,3,0,1,1,2,0,0,1,3,0,0,2,2,0,1,0,0,4,2,1,0,0,2,0,0,0
0,"Birkeland, Mr. Hans Martin Monsen",33,3,1,0,1,2,0,0,1,2,0,1,1,3,5,1,0,0,3,2,1,0,0,0,0,0,0
0,"Lefebre, Miss. Ida",18,1,1,0,1,3,1,0,0,2,0,0,1,1,0,0,0,0,1,2,0,0,0,0,0,0,0
0,"Sdycoff, Mr. Todor",18,0,0,1,2,0,2,0,0,0,0,0,0,1,0,3,0,0,2,1,1,0,0,0,0,1,0
0,"Hart, Mr. Henry",15,1,0,0,0,1,0,0,2,0,0,0,0,1,1,0,0,0,3,0,1,0,0,0,0,1,0
1,"Minahan, Miss. Daisy E",22,3,0,0,1,1,0,0,1,3,0,0,0,2,2,0,0,0,0,3,0,0,0,0,0,1,0
0,"Cunningham, Mr. Alfred Fleming",30,2,0,1,1,2,2,2,1,2,0,0,2,3,4,0,0,0,2,0,0,1,0,0,0,0,0
1,"Sundman, Mr. Johan Julian",25,3,0,0,1,0,0,0,1,1,2,0,1,2,4,1,0,0,1,1,0,2,0,0,0,0,0
0,"Meek, Mrs. Thomas (Annie Louise Rowley)",39,2,0,0,0,5,0,0,1,2,0,1,2,3,2,3,0,0,2,3,1,1,0,1,0,1,0
1,"Drew, Mrs. James Vivian (Lulu Thorne Christian)",47,3,0,1,1,3,0,0,2,4,1,0,2,2,3,1,0,0,4,3,2,2,2,1,0,0,0
1,"Silven, Miss. Lyyli Karoliina",29,2,0,0,0,1,0,0,0,5,0,1,4,1,2,1,0,0,1,3,0,0,1,0,0,2,0
0,"Matthews, Mr. William John",26,2,0,0,0,1,0,0,2,2,1,0,2,3,1,1,0,0,1,1,2,0,0,2,0,0,0
0,"Van Impe, Miss. Catharina",25,4,0,1,0,1,0,0,1,3,0,0,0,2,2,0,1,0,1,2,1,0,1,0,0,0,0
0,"Gheorgheff, Mr. Stanio",22,1,0,0,0,2,2,2,2,1,0,0,0,1,1,2,0,0,2,1,1,0,0,0,0,0,0
0,"Charters, Mr. David",19,2,0,1,2,1,0,0,1,1,0,0,0,1,0,0,0,0,3,1,1,0,1,0,0,0,0
0,"Zimmerman, Mr. Leo",18,1,0,0,0,2,0,0,0,1,0,0,1,4,1,1,0,0,2,0,0,0,0,0,0,0,1
0,"Danbom, Mrs. Ernst Gilbert (Anna Sigrid Maria Brogren)",54,5,3,0,2,3,0,3,0,4,0,0,1,3,5,2,0,0,7,3,2,0,0,0,0,0,0
0,"Rosblom, Mr. Viktor Richard",27,1,1,1,1,0,0,0,1,2,0,1,1,2,0,3,0,0,5,1,1,0,1,0,0,0,0
0,"Wiseman, Mr. Phillippe",22,1,0,0,0,2,0,0,1,3,0,0,2,2,1,0,3,0,1,1,0,0,0,1,0,0,0
1,"Clarke, Mrs. Charles V (Ada Maria Winfield)",43,6,0,2,2,3,1,0,1,3,0,1,3,2,1,0,0,0,4,2,0,0,1,1,0,0,0
1,"Phillips, Miss. Kate Florence (""Mrs Kate Louise Phillips Marshall"")",67,4,0,1,0,5,1,0,3,6,0,2,8,3,1,2,4,0,3,7,2,1,0,0,0,0,0
0,"Flynn, Mr. James",16,1,0,0,0,1,1,0,0,0,1,0,1,2,2,0,0,0,1,1,0,0,0,0,0,1,0
1,"Pickard, Mr. Berk (Berk Trembisky)",34,1,3,1,1,3,0,0,0,2,0,4,0,2,0,0,1,0,5,1,1,0,0,0,0,1,0
1,"Bjornstrom-Steffansson, Mr. Mauritz Hakan",41,4,1,0,0,1,2,0,1,1,1,1,0,3,4,3,0,0,4,4,3,1,0,0,0,0,1
1,"Thorneycroft, Mrs. Percival (Florence Kate White)",49,2,0,3,0,6,2,0,2,2,0,1,2,1,2,3,1,0,5,1,4,0,1,1,0,1,0
1,"Louch, Mrs. Charles Alexander (Alice Adelaide Slow)",51,6,0,3,3,6,0,0,2,2,0,0,6,1,1,2,0,0,3,3,0,1,0,1,1,0,0
0,"Kallio, Mr. Nikolai Erland",26,3,0,0,1,1,0,0,0,3,0,2,4,1,2,2,0,0,2,0,0,0,0,0,0,0,0
0,"Silvey, Mr. William Baird",25,2,1,0,1,1,0,0,0,4,0,0,3,2,0,0,0,0,2,1,0,0,1,1,0,1,0
1,"Carter, Miss. Lucile Polk",25,1,0,2,0,2,0,0,0,2,0,1,3,1,0,1,1,0,2,2,1,1,0,0,0,0,0
0,"Ford, Miss. Doolina Margaret ""Daisy""",36,4,0,0,3,1,1,1,0,3,0,0,1,2,1,3,0,0,3,3,1,0,0,0,0,1,0
1,"Richards, Mrs. Sidney (Emily Hocking)",37,1,0,2,2,2,0,1,2,4,0,1,1,2,2,1,0,0,3,3,0,0,0,0,0,2,0
0,"Fortune, Mr. Mark",17,1,0,0,0,1,1,0,0,0,0,1,0,2,1,1,0,0,3,0,1,1,0,0,0,0,0
0,"Kvillner, Mr. Johan Henrik Johannesson",38,2,0,0,0,3,0,0,3,2,2,2,2,1,6,3,0,0,3,2,0,0,1,0,0,0,0
1,"Hart, Mrs. Benjamin (Esther Ada Bloomfield)",43,4,2,0,2,4,1,0,2,2,1,0,2,3,2,2,0,0,3,2,2,0,0,0,0,0,0
0,"Hampe, Mr. Leon",15,1,0,0,0,2,0,0,1,0,0,0,1,2,1,1,1,0,1,0,0,0,0,0,0,0,0
0,"Petterson, Mr. Johan Emil",25,1,0,0,0,3,0,0,1,1,1,0,1,2,2,2,1,0,2,1,2,0,0,0,0,0,0
1,"Reynaldo, Ms. Encarnacion",25,3,0,2,1,2,0,0,0,1,0,0,1,1,4,2,0,0,2,1,0,0,0,0,0,1,0
1,"Johannesen-Bratthammer, Mr. Bernt",33,3,2,0,0,4,0,0,2,0,1,0,0,3,4,1,0,0,4,1,3,0,0,0,0,0,0
1,"Dodge, Master. Washington",25,2,0,0,2,2,0,2,1,1,0,0,0,1,2,2,0,0,1,2,2,0,0,1,0,0,0
1,"Mellinger, Miss. Madeleine Violet",33,1,0,0,1,6,0,1,0,4,0,0,4,3,2,1,0,0,1,2,1,0,1,0,0,0,0
1,"Seward, Mr. Frederic Kimber",27,1,1,1,2,4,1,0,0,2,0,1,0,2,0,0,0,0,5,1,0,0,0,1,0,0,0
1,"Baclini, Miss. Marie Catherine",30,3,1,2,0,3,0,0,1,5,0,0,1,2,2,0,0,0,2,2,1,0,0,0,0,0,0
1,"Peuchen, Major. Arthur Godfrey",30,2,0,1,1,3,1,1,2,0,1,0,0,1,1,2,1,0,4,0,1,2,0,0,0,1,0
0,"West, Mr. Edwy Arthur",21,1,0,0,1,2,0,0,1,0,0,0,0,1,0,0,0,0,3,1,2,1,0,2,0,1,0
0,"Hagland, Mr. Ingvald Olai Olsen",31,4,0,0,2,1,0,2,1,2,0,0,4,1,3,2,0,0,1,1,0,0,1,0,0,0,0
0,"Foreman, Mr. Benjamin Laventall",31,4,1,0,0,3,1,0,0,1,1,0,3,3,4,1,0,0,2,0,1,0,1,0,0,0,0
1,"Goldenberg, Mr. Samuel L",24,1,1,0,1,3,0,2,0,0,0,0,3,2,1,1,0,0,2,1,0,1,0,0,0,0,0
0,"Peduzzi, Mr. Joseph",19,0,0,0,1,2,0,0,1,1,1,0,0,1,0,1,2,0,1,1,0,1,0,0,0,0,2
1,"Jalsevac, Mr. Ivan",18,3,0,1,0,1,0,0,0,1,1,0,1,1,1,0,0,0,1,1,0,0,2,0,0,0,0
0,"Millet, Mr. Francis Davis",25,2,0,1,1,1,1,0,0,3,0,0,2,2,1,0,0,0,2,2,1,0,1,0,0,0,0
1,"Kenyon, Mrs. Frederick R (Marion)",33,1,0,1,1,3,1,0,0,2,0,2,0,2,3,2,0,0,5,1,0,0,0,0,0,1,0
1,"Toomey, Miss. Ellen",19,0,0,0,0,3,0,0,0,1,0,0,2,2,1,2,0,0,0,2,1,0,0,0,0,1,0
0,"O'Connor, Mr. Maurice",21,1,0,2,0,1,0,0,0,1,0,0,0,2,2,3,0,0,3,0,0,1,0,0,0,0,0
1,"Anderson, Mr. Harry",19,2,0,0,1,1,0,0,1,0,0,0,0,1,2,1,0,0,4,1,0,0,0,0,0,1,0
0,"Morley, Mr. William",19,1,0,0,0,1,0,0,0,2,0,0,3,3,0,1,0,0,2,0,0,0,0,1,0,1,0
0,"Gee, Mr. Arthur H",17,1,0,0,0,2,0,1,2,0,0,0,0,1,0,0,0,0,3,0,1,1,0,0,0,0,0
0,"Milling, Mr. Jacob Christian",28,2,1,2,0,0,0,1,1,4,1,0,2,2,2,1,0,0,2,1,1,0,0,0,0,0,0
0,"Maisner, Mr. Simon",18,1,0,0,0,1,0,0,0,2,0,0,0,3,2,1,0,0,2,2,0,0,0,0,0,0,0
0,"Goncalves, Mr. Manuel Estanslas",31,4,0,1,0,3,0,1,0,0,0,0,3,2,3,1,0,0,1,4,1,1,1,0,0,0,0
0,"Campbell, Mr. William",21,2,1,1,0,1,0,0,0,2,0,0,4,3,0,0,1,0,1,0,0,0,0,1,0,0,0
0,"Smart, Mr. John Montgomery",26,1,0,0,0,1,0,1,1,0,1,0,0,4,2,3,0,0,3,1,2,0,0,0,0,1,0
0,"Scanlan, Mr. James",18,3,0,1,0,1,0,0,0,0,1,0,1,2,2,0,0,0,1,2,0,0,0,0,0,0,0
1,"Baclini, Miss. Helene Barbara",29,4,3,1,0,3,0,0,1,3,0,0,2,1,2,0,0,0,2,2,0,0,0,0,0,0,0
0,"Keefe, Mr. Arthur",17,1,0,0,0,3,1,0,1,0,0,1,0,1,0,0,0,0,3,0,1,1,0,0,0,0,0
0,"Cacic, Mr. Luka",15,2,0,3,0,0,0,0,0,1,0,1,1,1,0,0,0,0,1,0,0,1,0,0,0,0,0
1,"West, Mrs. Edwy Arthur (Ada Mary Worth)",39,4,0,0,2,2,0,0,2,0,0,0,0,2,0,1,0,0,5,2,3,1,0,3,0,2,0
1,"Jerwan, Mrs. Amin S (Marie Marthe Thuillard)",44,5,0,0,1,3,0,0,2,3,1,0,2,4,2,0,0,0,5,2,2,1,0,1,0,0,0
0,"Strandberg, Miss. Ida Sofia",27,3,1,0,2,1,1,1,0,3,0,0,0,1,1,1,0,0,2,4,1,0,0,0,0,0,0
0,"Clifford, Mr. George Quincy",27,0,0,2,1,2,2,2,0,2,0,0,1,1,1,2,0,1,3,0,0,1,0,0,0,1,0
0,"Renouf, Mr. Peter Henry",23,0,0,0,0,4,1,0,1,0,0,0,0,1,2,1,1,0,4,0,1,1,0,0,0,1,0
0,"Braund, Mr. Lewis Richard",25,2,1,1,2,1,0,0,1,2,0,0,1,1,1,0,0,0,4,1,0,1,0,1,0,0,0
0,"Karlsson, Mr. Nils August",25,2,0,0,0,0,0,1,0,1,0,1,2,1,2,1,0,0,2,4,1,2,0,0,0,0,0
1,"Hirvonen, Miss. Hildur E",24,0,0,0,1,2,0,0,2,3,0,0,1,1,2,1,0,0,2,2,0,1,1,0,0,0,0
0,"Goodwin, Master. Harold Victor",30,2,0,1,2,1,0,1,1,2,0,0,1,1,1,4,0,0,3,1,2,0,1,1,0,0,0
0,"Frost, Mr. Anthony Wood ""Archie""",32,2,0,1,1,1,1,0,2,1,0,0,0,1,2,4,0,0,3,1,2,0,0,1,0,1,0
0,"Rouse, Mr. Richard Henry",24,1,0,1,1,2,0,0,2,1,0,0,0,1,1,1,0,0,5,1,0,1,0,0,0,1,0
1,"Turkula, Mrs. (Hedwig)",22,1,0,0,1,1,0,1,1,1,0,1,1,1,0,0,0,0,2,1,1,2,0,1,0,0,0
1,"Bishop, Mr. Dickinson H",23,0,1,1,1,0,0,0,2,3,0,1,0,1,2,2,1,0,1,2,0,0,0,0,0,0,0
0,"Lefebre, Miss. Jeannie",22,1,1,0,0,5,1,0,0,2,1,0,1,1,2,0,0,0,1,2,0,0,0,0,0,0,0
1,"Hoyt, Mrs. Frederick Maxfield (Jane Anne Forby)",47,3,1,1,2,5,3,0,1,2,1,1,1,2,3,2,0,0,4,1,1,0,0,0,1,2,0
0,"Kent, Mr. Edward Austin",23,2,0,0,2,2,0,0,0,1,0,1,0,1,2,0,0,0,2,1,2,1,0,1,0,0,0
0,"Somerton, Mr. Francis William",29,2,0,1,0,1,1,0,0,3,0,0,2,3,2,2,0,0,3,2,1,0,0,1,0,0,0
1,"Coutts, Master. Eden Leslie ""Neville""",37,1,0,1,1,7,0,0,0,2,0,0,4,1,2,1,0,0,1,3,3,1,1,0,0,0,0
0,"Hagland, Mr. Konrad Mathias Reiersen",36,5,0,0,2,3,0,1,2,2,0,1,1,2,3,1,0,0,4,2,1,0,0,0,0,0,0
0,"Windelov, Mr. Einar",19,1,0,0,1,2,0,0,0,2,0,0,1,1,2,1,0,0,2,0,0,0,1,1,0,0,0
0,"Molson, Mr. Harry Markland",26,3,0,0,1,0,0,0,1,0,0,1,2,3,2,2,0,0,4,1,0,0,0,0,0,1,0
0,"Artagaveytia, Mr. Ramon",23,5,0,0,0,1,0,1,0,1,0,0,0,2,1,1,0,0,3,0,2,0,1,0,0,1,0
0,"Stanley, Mr. Edward Roland",26,3,0,0,3,2,0,0,0,0,0,0,2,1,2,1,0,0,3,1,1,0,0,1,0,1,0
0,"Yousseff, Mr. Gerious",21,0,0,0,0,2,2,1,0,1,0,0,0,1,0,2,0,0,2,3,0,2,0,0,0,1,0
1,"Eustis, Miss. Elizabeth Mussey",30,1,1,0,0,4,0,0,1,3,0,0,1,2,0,0,0,0,0,6,2,2,0,0,0,1,1
0,"Shellard, Mr. Frederick William",31,2,0,1,2,3,1,0,1,3,0,1,4,2,0,0,0,0,4,1,0,0,0,1,0,0,0
0,"Allison, Mrs. Hudson J C (Bessie Waldo Daniels)",47,3,1,1,3,3,0,0,1,3,1,0,4,1,3,3,0,0,1,6,0,1,0,1,0,0,0
0,"Svensson, Mr. Olof",18,0,0,0,0,1,1,0,0,0,0,0,1,1,2,3,0,0,1,3,0,0,1,0,0,0,0
0,"Calic, Mr. Petar",16,2,0,2,0,1,0,0,0,1,0,0,1,1,0,0,1,0,2,0,1,0,0,0,0,0,0
0,"Canavan, Miss. Mary",19,4,0,1,0,0,0,0,0,1,0,0,0,2,2,0,0,0,1,2,0,0,1,0,0,1,0
0,"O'Sullivan, Miss. Bridget Mary",30,2,1,0,1,1,0,1,0,3,0,0,2,2,1,1,0,0,2,3,1,1,1,0,0,1,0
0,"Laitinen, Miss. Kristina Sofia",30,3,0,0,0,1,1,0,0,6,0,1,1,1,3,1,0,0,1,4,2,0,0,0,0,0,0
1,"Maioni, Miss. Roberta",21,2,1,0,0,1,0,0,0,3,0,0,0,2,1,2,0,0,2,2,1,0,0,0,0,0,0
0,"Penasco y Castellana, Mr. Victor de Satode",42,5,0,3,2,4,0,0,0,1,0,0,2,1,2,3,1,0,2,3,3,0,1,0,0,1,0
1,"Quick, Mrs. Frederick Charles (Jane Richards)",45,3,0,4,2,4,1,0,2,3,1,2,1,1,1,0,0,1,6,3,0,1,0,0,0,0,0
1,"Bradley, Mr. George (""George Arthur Brayton"")",45,3,2,0,1,5,0,4,1,0,0,0,1,1,1,3,0,0,7,0,2,1,0,0,0,2,0
0,"Olsen, Mr. Henry Margido",24,1,0,0,1,2,0,1,1,1,0,0,1,2,2,2,0,0,3,1,0,0,0,0,0,1,0
1,"Lang, Mr. Fang",14,2,0,0,0,0,1,2,0,0,0,0,1,1,2,0,0,0,1,0,0,0,0,0,0,0,0
1,"Daly, Mr. Eugene Patrick",24,2,0,1,1,3,0,1,0,1,0,1,1,1,1,0,1,0,2,0,1,1,0,0,0,1,0
0,"Webber, Mr. James",17,1,2,0,0,3,0,0,0,0,1,0,0,2,0,0,0,0,2,1,0,0,0,1,0,0,0
1,"McGough, Mr. James Robert",25,1,1,1,0,2,0,2,1,0,1,0,0,3,0,2,0,0,3,1,1,1,0,0,0,0,0
1,"Rothschild, Mrs. Martin (Elizabeth L. Barrett)",46,3,2,1,1,3,0,0,3,3,0,0,3,2,1,1,0,0,5,2,5,0,0,0,0,0,1
0,"Coleff, Mr. Satio",17,1,0,1,0,1,2,0,0,1,0,0,1,1,0,2,0,0,1,1,1,0,0,0,0,0,0
0,"Walker, Mr. William Anderson",28,3,0,0,1,2,0,0,0,2,0,1,3,2,2,1,0,0,3,1,0,0,0,2,0,0,0
1,"Lemore, Mrs. (Amelia Milley)",28,2,0,0,0,4,0,0,0,2,0,0,4,4,0,1,0,0,2,1,0,0,0,0,0,1,0
0,"Ryan, Mr. Patrick",17,2,0,1,0,0,0,0,0,1,0,1,0,1,1,0,1,0,3,0,1,0,0,0,0,1,0
1,"Angle, Mrs. William A (Florence ""Mary"" Agnes Hughes)",52,5,0,1,0,5,1,3,2,2,0,0,4,3,3,1,0,0,3,3,0,1,0,1,0,1,0
0,"Pavlovic, Mr. Stefo",19,1,0,1,0,1,1,0,0,1,0,0,1,1,0,2,1,0,1,1,1,0,2,0,0,0,0
1,"Perreault, Miss. Anne",21,2,0,0,0,3,0,0,0,1,0,0,1,1,2,0,1,0,2,2,1,1,0,0,0,0,0
0,"Vovk, Mr. Janko",15,1,0,0,0,0,0,0,0,0,1,2,0,1,1,2,0,0,1,0,0,0,2,0,0,0,0
0,"Lahoud, Mr. Sarkis",18,2,0,0,1,0,0,0,1,1,0,1,1,1,0,1,0,0,2,2,0,1,0,0,0,0,0
1,"Hippach, Mrs. Louis Albert (Ida Sophia Fischer)",47,4,1,2,1,2,1,0,4,5,0,0,2,1,0,2,3,0,3,4,1,1,0,0,0,0,0
0,"Kassem, Mr. Fared",17,2,0,0,1,2,1,0,0,0,0,1,0,2,0,0,0,0,2,2,0,0,0,0,0,0,0
0,"Farrell, Mr. James",18,2,0,0,0,2,1,0,0,0,1,0,2,2,0,0,0,0,3,1,0,0,0,0,0,0,0
1,"Ridsdale, Miss. Lucy",20,1,0,1,2,1,0,0,0,2,0,0,2,1,0,0,0,0,1,3,0,1,0,0,0,1,0
0,"Farthing, Mr. John",18,1,0,0,0,0,1,1,2,1,1,0,0,1,2,1,0,0,2,0,1,0,0,0,0,0,0
0,"Salonen, Mr. Johan Werner",25,2,0,0,0,3,0,0,1,0,1,0,1,1,4,2,0,0,3,1,0,0,0,1,0,0,0
0,"Hocking, Mr. Richard George",27,1,0,2,1,2,0,3,2,2,0,1,0,1,1,2,0,0,4,0,0,0,0,0,0,0,0
1,"Quick, Miss. Phyllis May",24,1,0,1,0,0,0,0,1,3,0,1,2,2,0,0,1,1,0,3,0,1,0,0,0,2,0
0,"Toufik, Mr. Nakli",17,1,0,0,0,0,1,0,0,2,0,2,1,1,1,1,0,0,1,0,1,1,0,0,0,0,0
0,"Elias, Mr. Joseph Jr",20,1,0,0,0,2,0,0,1,1,2,0,1,1,0,1,1,0,2,2,0,0,0,0,0,0,0
1,"Peter, Mrs. Catherine (Catherine Rizk)",38,2,0,2,0,6,0,0,2,3,0,1,0,1,2,0,1,0,5,1,3,0,0,0,0,0,1
0,"Cacic, Miss. Marija",19,3,0,3,0,0,0,0,0,3,1,0,0,2,0,0,0,0,1,2,0,0,0,0,0,0,0
1,"Hart, Miss. Eva Miriam",22,3,0,0,0,1,0,0,1,3,0,0,0,3,0,0,0,0,2,2,1,0,1,0,0,0,0
0,"Butt, Major. Archibald Willingham",33,4,2,1,1,0,0,1,2,3,1,0,3,2,1,1,0,0,2,0,2,1,0,1,0,0,0
1,"LeRoy, Miss. Bertha",19,1,1,0,0,2,0,0,1,1,0,0,1,1,0,1,0,0,2,2,1,0,0,0,0,1,0
0,"Risien, Mr. Samuel Beard",24,2,1,0,1,3,0,0,0,2,0,0,1,2,1,0,0,0,3,2,0,1,0,0,0,0,0
1,"Frolicher, Miss. Hedwig Margaritha",34,3,0,1,1,2,1,2,3,4,0,0,1,2,0,1,0,0,4,2,1,0,0,1,0,0,0
1,"Crosby, Miss. Harriet R",23,1,1,1,0,1,0,0,1,2,0,0,0,1,0,1,0,0,4,3,1,0,0,0,0,1,0
0,"Andersson, Miss. Ingeborg Constanzia",36,3,1,1,1,2,0,2,0,3,0,0,0,1,5,3,0,0,2,5,1,0,0,0,0,0,1
0,"Andersson, Miss. Sigrid Elisabeth",33,2,1,0,2,3,0,1,1,4,0,0,1,1,2,1,0,0,2,6,1,0,0,0,0,0,0
1,"Beane, Mr. Edward",17,2,1,0,2,3,0,0,0,0,0,0,0,1,1,0,0,0,2,0,0,0,0,1,0,0,0
0,"Douglas, Mr. Walter Donald",26,3,0,0,3,1,0,1,0,0,0,0,3,1,1,2,0,0,2,1,1,1,0,1,0,0,0
0,"Nicholson, Mr. Arthur Ernest",28,1,0,1,0,2,0,0,2,1,0,0,1,1,3,2,0,0,4,2,2,1,0,0,0,0,0
1,"Beane, Mrs. Edward (Ethel Clarke)",33,3,1,1,2,6,0,0,1,0,0,1,2,1,1,0,0,0,3,1,1,0,0,1,0,0,0
1,"Padro y Manent, Mr. Julian",26,3,0,0,1,1,0,0,0,1,1,0,1,2,3,1,1,0,2,0,1,1,0,0,0,1,0
0,"Goldsmith, Mr. Frank John",25,1,0,0,1,0,1,1,2,1,1,1,1,2,2,2,0,0,2,1,1,0,0,0,0,0,0
1,"Davies, Master. John Morgan Jr",30,3,0,0,1,2,0,1,1,1,2,0,0,2,2,2,0,0,3,2,1,0,1,0,0,0,0
1,"Thayer, Mr. John Borland Jr",27,2,1,0,1,1,0,0,2,0,2,0,1,1,2,2,0,0,4,0,1,0,0,0,0,1,0
0,"Sharp, Mr. Percival James R",27,3,0,1,0,2,0,0,1,1,1,0,1,2,0,0,2,0,4,2,0,0,1,0,0,0,0
0,"O'Brien, Mr. Timothy",20,0,1,0,0,1,0,0,1,2,0,0,0,2,1,2,0,0,2,0,2,0,0,0,0,1,0
1,"Leeni, Mr. Fahim (""Philip Zenni"")",33,1,0,0,0,3,1,0,2,5,0,0,2,2,3,0,2,0,1,0,0,0,0,0,0,0,1
1,"Ohman, Miss. Velin",18,1,0,0,0,1,0,0,1,2,0,0,1,2,2,1,0,0,0,2,0,0,1,0,0,0,0
0,"Wright, Mr. George",18,0,0,0,0,2,0,3,1,1,0,0,0,1,0,1,0,0,3,0,1,0,0,1,0,0,0
1,"Duff Gordon, Lady. (Lucille Christiana Sutherland) (""Mrs Morgan"")",65,5,0,2,4,2,2,2,2,3,0,0,5,2,4,3,0,0,5,3,2,3,0,0,0,1,0
0,"Robbins, Mr. Victor",19,0,2,1,0,0,0,0,0,2,0,0,0,1,1,2,0,0,3,1,1,0,1,0,0,0,0
1,"Taussig, Mrs. Emil (Tillie Mandelbaum)",38,3,1,0,1,3,0,1,0,4,0,0,4,4,1,0,0,0,1,3,2,2,0,0,0,0,0
1,"de Messemaeker, Mrs. Guillaume Joseph (Emma)",44,3,0,0,1,8,0,1,1,1,1,1,2,6,0,1,1,0,2,4,0,2,0,0,0,0,0
0,"Morrow, Mr. Thomas Rowan",24,2,0,0,0,0,0,0,1,0,0,0,0,3,1,4,0,0,4,1,1,0,0,2,0,0,0
0,"Sivic, Mr. Husein",17,0,0,1,0,1,0,0,1,3,0,0,0,1,1,0,0,0,1,2,0,1,1,0,0,0,0
0,"Norman, Mr. Robert Douglas",26,2,1,0,1,1,0,1,0,0,0,0,1,2,2,3,0,0,4,1,1,1,0,0,0,0,0
0,"Simmons, Mr. John",17,0,0,0,0,0,0,0,1,1,1,0,0,3,2,2,0,0,1,2,0,0,0,0,0,0,0
0,"Meanwell, Miss. (Marion Ogden)",30,2,0,0,1,3,0,1,0,2,0,0,2,3,3,2,0,0,1,2,0,0,0,1,0,0,0
0,"Davies, Mr. Alfred J",20,2,0,0,2,2,1,0,0,1,1,0,1,1,0,0,0,0,2,1,0,0,1,0,0,0,0
0,"Stoytcheff, Mr. Ilia",20,1,0,1,0,1,2,0,1,2,0,0,1,1,0,1,0,0,1,1,2,0,0,0,0,1,0
0,"Palsson, Mrs. Nils (Alma Cornelia Berglund)",43,4,1,1,1,2,0,1,0,2,0,0,5,2,4,2,1,0,3,4,0,1,0,0,0,0,0
0,"Doharr, Mr. Tannous",19,2,0,0,1,0,0,0,1,0,0,0,0,1,2,2,0,0,3,1,1,1,0,0,0,0,0
1,"Jonsson, Mr. Carl",17,1,0,1,0,0,0,0,0,0,1,0,1,1,2,2,0,0,2,2,0,0,0,0,0,0,0
1,"Harris, Mr. George",18,1,0,0,0,2,0,2,1,1,0,0,0,1,0,1,0,0,4,1,0,0,0,0,0,0,0
1,"Appleton, Mrs. Edward Dale (Charlotte Lamson)",45,5,0,1,3,4,0,0,1,0,0,0,4,2,2,3,2,0,3,2,3,0,0,1,0,0,0
1,"Flynn, Mr. John Irwin (""Irving"")",32,0,0,0,0,0,1,1,1,4,1,0,1,1,5,1,0,0,3,0,0,0,1,1,0,1,0
1,"Kelly, Miss. Mary",17,1,0,0,0,1,0,0,0,1,0,1,2,2,0,0,0,0,1,2,0,0,0,0,0,2,0
0,"Rush, Mr. Alfred George John",28,1,0,0,1,3,1,2,2,0,1,0,1,1,1,2,0,0,4,1,0,1,0,0,0,0,0
0,"Patchett, Mr. George",20,1,0,1,0,3,0,2,1,0,0,0,0,1,0,1,1,0,2,0,3,0,0,0,0,0,0
1,"Garside, Miss. Ethel",20,1,0,0,1,3,0,1,1,2,0,0,1,1,0,0,0,0,1,3,1,0,0,0,0,0,0
1,"Silvey, Mrs. William Baird (Alice Munger)",41,3,1,1,1,3,0,1,0,5,0,0,4,3,1,0,0,0,3,2,0,1,1,1,0,1,0
0,"Caram, Mrs. Joseph (Maria Elias)",32,5,0,1,0,2,0,0,1,2,1,0,1,3,0,1,1,0,3,3,0,0,0,0,0,0,0
1,"Jussila, Mr. Eiriik",19,1,0,0,0,1,0,0,0,4,1,1,1,1,0,0,0,0,2,2,0,1,0,0,0,0,0
1,"Christy, Miss. Julie Rachel",27,1,0,2,0,2,0,0,2,3,1,0,2,1,0,0,0,0,2,3,1,1,0,0,0,1,0
1,"Thayer, Mrs. John Borland (Marian Longstreth Morris)",52,4,1,0,1,2,0,1,3,2,1,0,2,3,4,4,0,0,7,3,3,0,0,0,0,1,0
0,"Downton, Mr. William James",26,2,0,0,1,1,0,0,0,2,1,0,2,3,2,2,0,0,1,1,1,0,0,2,0,0,0
0,"Ross, Mr. John Hugo",19,0,0,0,0,0,0,1,2,0,1,0,0,1,1,3,0,0,2,2,0,1,0,0,0,0,0
0,"Paulner, Mr. Uscher",19,1,0,1,0,2,0,0,1,0,0,0,1,1,1,0,1,0,3,1,0,2,0,0,0,0,0
1,"Taussig, Miss. Ruth",19,1,0,0,0,0,0,1,1,2,0,0,0,1,0,0,0,0,1,4,2,2,0,0,0,0,0
0,"Jarvis, Mr. John Denzil",23,1,0,0,1,1,0,0,1,2,2,0,1,1,2,1,0,0,2,1,0,0,1,0,0,0,1
1,"Frolicher-Stehli, Mr. Maxmillian",32,2,0,1,0,2,1,0,2,4,0,0,4,3,1,1,0,0,3,1,1,0,0,0,1,0,0
0,"Gilinski, Mr. Eliezer",21,0,0,0,0,3,0,1,0,4,0,1,2,1,1,0,0,0,2,1,0,0,0,0,0,0,1
0,"Murdlin, Mr. Joseph",19,0,0,0,1,1,0,0,1,1,1,0,1,2,1,1,1,0,2,1,0,1,0,0,0,0,0
0,"Rintamaki, Mr. Matti",20,3,0,0,0,0,0,0,0,3,0,1,0,3,1,0,0,0,2,0,3,0,0,0,0,0,0
1,"Stephenson, Mrs. Walter Bertram (Martha Eustis)",47,4,1,0,0,5,0,0,2,1,0,0,1,3,2,1,1,0,5,5,5,1,0,1,0,0,0
0,"Elsbury, Mr. William James",26,2,1,0,0,2,0,0,0,2,1,0,3,3,0,0,0,0,2,2,0,1,0,1,0,1,0
0,"Bourke, Miss. Mary",18,1,1,0,0,1,0,0,0,1,0,1,0,2,0,1,0,0,2,2,0,1,0,0,0,1,0
0,"Chapman, Mr. John Henry",23,2,0,1,0,1,0,0,3,0,1,0,0,2,3,1,1,0,2,0,0,0,0,0,0,1,0
0,"Van Impe, Mr. Jean Baptiste",27,3,1,0,0,3,0,0,0,2,1,0,0,2,2,0,2,0,1,1,2,0,1,0,0,0,0
1,"Leitch, Miss. Jessie Wills",26,0,0,1,0,3,0,0,1,4,1,0,3,1,0,0,0,0,0,5,1,0,0,1,0,0,0
0,"Johnson, Mr. Alfred",19,1,0,0,1,1,1,0,1,0,1,0,1,1,2,2,0,0,2,1,0,0,0,0,0,0,0
0,"Boulos, Mr. Hanna",17,2,1,0,0,0,0,0,1,0,0,0,1,1,2,2,0,0,1,1,0,1,0,0,0,0,0
1,"Duff Gordon, Sir. Cosmo Edmund (""Mr Morgan"")",44,1,0,1,4,1,2,2,0,1,0,0,0,4,3,5,0,0,4,2,0,2,0,0,0,0,0
1,"Jacobsohn, Mrs. Sidney Samuel (Amy Frances Christy)",51,4,1,3,1,3,1,0,2,2,1,0,1,3,3,2,0,0,3,6,1,1,0,0,0,3,0
0,"Slabenoff, Mr. Petco",20,1,1,1,0,2,2,0,0,0,0,0,1,1,1,2,1,0,1,1,1,0,0,0,0,0,0
0,"Harrington, Mr. Charles H",25,2,0,1,0,1,0,1,3,1,0,0,1,1,2,1,0,0,4,1,1,0,0,0,0,0,0
0,"Torber, Mr. Ernst William",25,1,1,0,0,2,0,0,0,2,0,0,2,2,1,1,0,0,4,1,2,0,0,1,0,0,0
1,"Homer, Mr. Harry (""Mr E Haven"")",31,2,0,0,0,3,0,0,3,0,0,0,0,3,1,1,0,0,5,0,0,0,1,0,0,1,0
0,"Lindell, Mr. Edvard Bengtsson",29,1,1,0,3,3,0,1,0,1,0,0,3,1,3,1,0,0,2,2,1,0,1,0,0,0,0
0,"Karaic, Mr. Milan",17,3,0,1,0,0,0,0,0,2,0,1,1,2,1,0,0,0,2,0,0,0,0,0,0,0,0
1,"Daniel, Mr. Robert Williams",27,2,1,0,1,2,0,0,0,3,0,0,3,2,1,1,0,0,3,1,1,0,0,1,0,0,0
1,"Laroche, Mrs. Joseph (Juliette Marie Louise Lafargue)",53,4,0,1,0,7,1,1,2,3,2,0,4,2,0,3,1,0,4,3,2,3,0,0,0,0,0
1,"Shutes, Miss. Elizabeth W",25,1,1,0,0,3,0,0,2,2,0,0,1,1,0,0,0,0,0,4,2,1,0,1,0,0,1
0,"Andersson, Mrs. Anders Johan (Alfrida Konstantia Brogren)",57,7,1,0,3,3,1,1,1,2,1,1,1,1,7,4,0,0,6,5,2,0,0,0,0,0,0
0,"Jardin, Mr. Jose Neto",21,1,0,0,1,2,0,0,0,1,2,0,0,1,2,2,0,0,2,1,1,0,0,0,0,0,0
1,"Murphy, Miss. Margaret Jane",27,3,0,0,0,2,0,1,1,1,1,0,0,3,1,0,1,0,3,2,1,1,0,0,0,1,0
0,"Horgan, Mr. John",16,1,0,0,0,0,0,1,2,0,1,0,0,1,2,2,0,0,2,0,0,0,0,0,0,0,0
0,"Brocklebank, Mr. William Alfred",31,3,2,1,1,2,1,0,0,2,0,2,4,2,1,1,0,0,3,0,0,0,0,1,0,0,0
1,"Herman, Miss. Alice",19,2,0,1,0,2,0,0,1,2,0,0,1,2,1,0,0,0,1,2,0,0,0,0,0,0,0
0,"Danbom, Mr. Ernst Gilbert",25,1,2,0,1,2,0,1,0,1,0,0,1,2,2,1,0,0,3,1,2,0,0,0,0,0,0
0,"Lobb, Mrs. William Arthur (Cordelia K Stanlick)",47,4,2,2,1,1,0,0,1,4,0,2,5,2,1,2,0,0,4,2,2,1,0,1,0,0,0
1,"Becker, Miss. Marion Louise",27,1,1,1,0,3,0,0,0,3,0,1,1,2,1,2,0,0,2,3,0,1,0,0,0,0,0
0,"Gavey, Mr. Lawrence",19,2,0,1,0,3,0,1,0,0,0,0,1,1,1,0,0,0,2,0,0,0,1,1,0,1,0
0,"Yasbeck, Mr. Antoni",19,2,1,1,0,1,0,0,0,1,0,1,0,1,2,1,0,0,1,1,1,0,0,0,0,1,0
1,"Kimball, Mr. Edwin Nelson Jr",28,1,1,0,1,2,0,0,0,2,1,1,3,2,3,1,0,0,2,1,0,0,0,1,0,0,0
1,"Nakid, Mr. Sahid",16,2,0,0,2,0,0,0,1,2,0,1,0,1,1,0,0,0,1,1,0,0,0,0,0,0,0
0,"Hansen, Mr. Henry Damsgaard",27,4,0,0,2,2,0,1,2,0,0,0,0,2,3,0,0,0,3,2,0,0,0,0,0,1,0
0,"Bowen, Mr. David John ""Dai""",27,2,1,0,3,1,0,0,1,2,1,0,0,1,2,2,0,0,1,0,0,0,1,1,0,0,0
0,"Sutton, Mr. Frederick",21,0,0,1,1,2,1,0,0,1,0,1,0,1,1,1,0,0,3,1,2,1,0,0,0,0,0
0,"Kirkland, Rev. Charles Leonard",30,3,0,1,2,3,0,0,1,1,0,2,3,0,2,1,0,0,4,1,0,0,1,0,0,0,0
1,"Longley, Miss. Gretchen Fiske",29,0,0,1,0,4,1,2,1,2,0,1,2,1,2,1,0,0,1,3,1,0,0,0,0,1,0
0,"Bostandyeff, Mr. Guentcho",25,1,1,1,1,2,2,1,1,0,0,0,0,1,2,2,0,0,1,1,2,1,0,0,0,1,0
0,"O'Connell, Mr. Patrick D",24,1,0,2,1,1,0,0,0,1,0,1,2,1,2,2,1,0,2,0,1,0,0,0,0,0,0
1,"Barkworth, Mr. Algernon Henry Wilson",36,2,1,0,0,2,0,1,2,1,0,1,2,1,4,3,0,0,5,1,1,0,0,2,0,1,0
0,"Lundahl, Mr. Johan Svensson",27,2,0,0,1,1,0,0,2,0,1,0,2,1,4,2,0,0,1,3,0,1,1,0,0,0,0
1,"Stahelin-Maeglin, Dr. Max",25,3,0,0,1,2,0,1,1,2,0,0,2,2,2,0,0,0,1,1,1,0,0,0,1,0,0
0,"Parr, Mr. William Henry Marsh",29,3,0,0,0,1,0,0,2,2,0,0,2,3,1,0,1,0,5,1,0,0,0,1,0,1,0
0,"Skoog, Miss. Mabel",18,1,1,0,0,1,0,1,0,1,0,1,1,2,0,2,0,0,0,3,0,0,0,0,0,0,0
1,"Davis, Miss. Mary",17,2,0,0,1,0,0,0,0,2,0,0,0,2,0,0,0,0,1,3,0,0,1,0,0,1,0
0,"Leinonen, Mr. Antti Gustaf",26,2,0,0,0,2,1,1,0,2,0,0,1,1,4,1,0,0,1,1,3,1,0,0,0,0,0
0,"Collyer, Mr. Harvey",19,1,0,1,0,2,0,0,1,0,0,0,2,1,0,1,0,0,3,0,0,0,1,0,0,2,0
0,"Panula, Mrs. Juha (Maria Emilia Ojala)",38,8,0,0,0,1,0,0,1,3,2,0,3,3,1,1,1,0,2,1,0,2,0,0,0,0,0
0,"Thorneycroft, Mr. Percival",26,1,0,2,0,2,1,0,1,1,0,0,1,1,1,2,1,0,4,0,2,0,1,0,0,1,0
0,"Jensen, Mr. Hans Peder",22,1,0,0,1,4,0,0,1,0,1,0,0,1,3,0,1,0,2,2,0,0,0,0,0,0,0
1,"Sagesser, Mlle. Emma",20,2,0,0,0,4,0,1,0,0,0,0,2,3,0,0,0,0,1,3,0,0,0,0,0,0,0
0,"Skoog, Miss. Margit Elizabeth",29,2,1,0,0,2,0,2,1,3,0,1,1,2,0,2,0,0,1,3,2,0,0,0,0,0,1
1,"Foo, Mr. Choong",15,0,0,1,0,0,1,1,1,0,0,0,0,1,1,4,0,0,1,0,0,0,0,0,0,0,0
1,"Baclini, Miss. Eugenie",22,1,1,1,0,3,0,1,0,4,0,0,1,1,2,0,0,0,0,2,0,1,0,0,0,0,0
1,"Harper, Mr. Henry Sleeper",25,1,0,0,0,5,0,0,2,0,0,0,1,1,1,0,2,0,5,1,0,0,0,0,0,1,0
0,"Cor, Mr. Liudevit",17,0,0,1,1,1,0,0,0,2,0,0,1,1,0,1,0,0,2,0,1,1,1,0,0,0,0
1,"Simonius-Blumer, Col. Oberst Alfons",35,1,2,1,0,2,1,0,0,2,0,0,3,2,2,4,0,0,2,4,1,2,0,0,0,0,0
0,"Willey, Mr. Edward",18,1,0,0,2,2,0,0,0,1,0,0,2,1,0,0,0,0,2,0,0,0,0,2,0,1,0
1,"Stanley, Miss. Amy Zillah Elsie",31,3,0,0,0,3,0,0,1,3,0,0,4,2,1,0,0,0,0,4,1,0,0,0,0,2,1
0,"Mitkoff, Mr. Mito",17,0,0,0,0,0,2,0,0,2,0,1,0,3,0,2,0,0,1,0,2,0,0,0,0,0,0
1,"Doling, Miss. Elsie",19,0,0,0,1,2,0,1,0,3,0,0,2,1,1,1,0,0,0,3,0,0,0,0,0,0,0
0,"Kalvik, Mr. Johannes Halvorsen",30,3,0,0,0,2,0,0,2,1,1,2,2,1,3,2,0,0,2,2,0,0,2,0,0,0,0
1,"O'Leary, Miss. Hanora ""Norah""",29,4,0,0,0,1,0,0,2,1,0,0,1,1,2,3,0,0,3,2,0,0,0,0,0,1,0
0,"Hegarty, Miss. Hanora ""Nora""",28,4,0,0,0,1,0,1,2,1,0,0,0,1,2,2,0,0,3,2,1,0,0,0,0,1,0
0,"Hickman, Mr. Leonard Mark",25,3,0,1,1,1,0,0,1,1,0,2,1,3,2,1,0,0,3,0,0,0,0,0,0,0,0
0,"Radeff, Mr. Alexander",21,3,0,0,2,3,2,0,0,0,0,0,1,1,1,0,0,0,3,0,0,0,0,0,1,0,0
0,"Bourke, Mrs. John (Catherine)",29,1,1,1,0,3,0,0,2,1,1,1,0,1,2,2,0,0,3,1,1,1,0,0,0,0,0
0,"Eitemiller, Mr. George Floyd",28,0,0,0,1,5,1,2,0,2,0,0,3,2,0,2,0,0,3,0,1,0,0,0,0,1,0
0,"Newell, Mr. Arthur Webster",26,1,1,0,0,4,0,0,1,0,0,0,2,1,1,0,0,0,4,1,2,1,0,2,0,0,0
1,"Frauenthal, Dr. Henry William",29,3,0,0,1,2,1,0,2,2,0,0,3,1,2,0,0,0,3,0,1,1,0,1,0,1,0
0,"Badt, Mr. Mohamed",17,2,1,0,2,1,0,0,1,0,0,0,0,3,0,1,0,0,1,0,1,0,0,0,0,0,0
0,"Colley, Mr. Edward Pomeroy",26,1,0,1,2,3,0,0,0,0,0,0,2,2,0,3,1,0,3,0,0,0,0,1,0,2,0
0,"Coleff, Mr. Peju",16,0,0,1,0,2,2,0,0,0,1,0,1,1,0,1,1,0,1,0,0,1,0,0,0,0,0
1,"Lindqvist, Mr. Eino William",27,1,0,0,1,1,0,0,0,5,0,0,3,2,2,1,0,1,1,1,1,0,1,1,0,0,0
0,"Hickman, Mr. Lewis",18,1,0,1,0,1,0,0,1,2,0,1,1,2,1,0,0,0,1,1,0,0,0,1,0,0,0
0,"Butler, Mr. Reginald Fenton",27,1,1,0,1,3,1,1,0,1,0,0,2,1,3,1,0,0,3,0,2,1,0,0,0,0,0
0,"Rommetvedt, Mr. Knud Paust",26,1,0,0,2,2,0,0,0,0,0,1,0,3,1,1,1,0,2,1,3,2,1,0,0,0,0
0,"Cook, Mr. Jacob",15,1,1,2,0,0,0,0,0,0,1,1,0,1,0,3,0,0,1,0,0,0,0,0,0,0,0
1,"Taylor, Mrs. Elmer Zebley (Juliet Cummins Wright)",49,1,1,1,0,5,0,1,1,3,1,0,4,4,1,1,0,0,4,2,3,2,0,1,0,2,1
1,"Brown, Mrs. Thomas William Solomon (Elizabeth Catherine Ford)",61,4,2,1,1,4,1,0,3,4,0,0,4,4,3,6,0,0,4,3,3,0,0,2,0,0,1
0,"Davidson, Mr. Thornton",22,1,0,0,2,0,0,0,1,1,0,0,0,1,3,3,0,0,2,1,2,0,1,0,0,0,0
0,"Mitchell, Mr. Henry Michael",27,1,0,2,0,3,0,0,3,2,0,0,3,3,1,0,0,0,2,0,1,0,0,0,0,1,0
1,"Wilhelms, Mr. Charles",21,1,0,1,0,2,0,0,2,1,0,0,3,2,0,0,0,0,2,2,0,0,0,1,0,0,0
0,"Watson, Mr. Ennis Hastings",26,2,0,0,0,1,0,1,1,2,0,0,0,1,4,1,0,0,1,4,2,0,0,1,0,0,0
0,"Edvardsson, Mr. Gustaf Hjalmar",30,4,0,0,2,1,1,1,1,0,1,0,1,2,1,1,0,0,3,3,1,1,1,0,0,0,0
0,"Sawyer, Mr. Frederick Charles",29,2,0,2,1,4,1,0,1,1,0,1,1,1,0,0,0,0,5,2,0,0,0,1,0,1,0
1,"Turja, Miss. Anna Sofia",23,4,0,0,0,0,1,0,0,2,1,0,0,1,2,1,0,0,1,3,1,1,0,0,0,0,0
0,"Goodwin, Mrs. Frederick (Augusta Tyler)",39,2,0,1,2,3,1,2,0,2,0,1,1,1,1,2,0,0,4,2,2,2,0,1,0,1,0
1,"Cardeza, Mr. Thomas Drake Martinez",34,5,0,1,2,3,0,0,1,1,0,1,0,3,1,1,0,0,4,1,2,0,0,0,0,0,2
0,"Peters, Miss. Katie",19,1,0,0,0,3,0,0,0,2,0,1,0,1,0,0,1,0,1,3,2,0,0,0,0,0,0
1,"Hassab, Mr. Hammad",18,4,1,0,1,0,0,0,2,0,0,0,0,3,0,0,0,0,1,2,0,0,0,0,0,0,0
0,"Olsvigen, Mr. Thor Anderson",27,1,0,0,1,2,0,1,1,1,0,0,1,1,3,3,0,0,3,2,1,0,1,0,0,0,0
0,"Goodwin, Mr. Charles Edward",27,2,0,1,3,2,0,1,1,1,0,0,1,1,1,2,0,0,3,1,0,0,0,2,0,0,0
0,"Brown, Mr. Thomas William Solomon",33,2,1,0,0,0,0,0,1,2,0,0,3,4,2,5,0,0,2,2,1,0,0,2,0,0,0
0,"Laroche, Mr. Joseph Philippe Lemercier",38,1,0,2,0,6,0,0,3,3,1,0,3,2,0,2,4,0,4,1,0,0,0,0,0,0,0
0,"Panula, Mr. Jaako Arnold",24,5,0,0,1,0,0,0,0,0,1,1,2,1,2,2,1,0,2,0,0,1,0,0,0,0,0
0,"Dakic, Mr. Branko",17,2,1,1,1,0,0,0,0,1,0,2,0,1,1,1,0,0,2,0,0,0,0,0,0,0,0
0,"Fischer, Mr. Eberhard Thelander",31,2,1,1,2,5,1,0,3,1,0,0,1,1,1,0,0,0,5,1,1,0,0,0,0,0,0
1,"Madill, Miss. Georgette Alexandra",33,4,0,0,2,4,0,2,0,2,0,0,3,2,1,1,0,0,2,2,2,0,0,0,1,0,0
1,"Dick, Mr. Albert Adrian",23,3,1,1,2,1,0,0,0,2,0,1,1,1,1,0,0,0,3,0,1,0,0,0,0,0,0
1,"Karun, Miss. Manca",18,3,0,1,0,0,0,0,0,1,0,1,0,2,2,0,0,0,1,2,0,1,0,0,0,0,0
1,"Lam, Mr. Ali",12,2,0,0,0,0,0,0,0,1,0,0,2,2,0,0,0,0,1,0,0,0,0,0,0,0,0
0,"Saad, Mr. Khalil",16,3,0,0,1,0,0,0,1,1,0,1,2,1,0,0,0,0,1,1,0,0,0,0,0,0,0
0,"Weir, Col. John",15,0,0,1,0,1,0,0,1,1,1,0,1,0,1,2,0,0,1,0,0,0,0,1,0,0,0
0,"Chapman, Mr. Charles Henry",26,3,0,2,0,2,0,0,3,0,0,0,1,2,2,0,1,0,3,1,0,0,0,0,0,1,0
0,"Kelly, Mr. James",16,1,0,0,0,2,0,0,0,0,1,1,2,2,0,0,0,0,1,1,0,0,0,0,0,1,0
1,"Mullens, Miss. Katherine ""Katie""",32,2,0,0,0,4,0,0,1,3,0,2,2,2,2,0,0,0,1,3,2,1,0,0,0,0,0
0,"Thayer, Mr. John Borland",24,2,1,0,1,1,0,0,2,0,1,0,1,1,2,2,0,0,3,0,1,0,0,0,0,1,0
0,"Humblen, Mr. Adolf Mathias Nicolai Olsen",40,4,1,1,1,2,1,0,2,3,0,0,4,3,3,3,0,0,1,2,1,1,0,0,0,0,0
1,"Astor, Mrs. John Jacob (Madeleine Talmadge Force)",49,5,1,2,2,5,1,1,1,1,2,0,2,3,2,4,0,0,3,2,2,0,0,0,0,0,0
1,"Silverthorne, Mr. Spencer Victor",32,0,0,2,0,4,0,0,1,2,0,0,1,1,2,2,1,0,5,2,2,0,2,0,0,0,0
0,"Barbara, Miss. Saiide",21,4,2,0,1,1,0,0,0,3,0,0,0,1,0,0,0,0,2,3,0,0,0,0,0,0,0
0,"Gallagher, Mr. Martin",21,3,0,0,0,1,0,2,1,1,0,0,2,2,1,0,0,0,3,0,1,0,0,0,0,0,0
0,"Hansen, Mr. Henrik Juul",23,1,0,0,0,2,0,0,2,1,1,1,1,1,3,0,0,0,2,1,0,2,0,0,0,0,0
0,"Morley, Mr. Henry Samuel (""Mr Henry Marshall"")",46,3,0,0,0,4,0,0,3,0,0,0,4,5,2,1,0,0,6,2,0,1,0,0,0,3,0
1,"Kelly, Mrs. Florence ""Fannie""",29,1,0,1,0,4,2,0,0,1,0,1,3,1,3,1,0,0,2,1,0,0,0,0,0,1,0
1,"Calderhead, Mr. Edward Pennington",33,3,0,1,4,4,0,1,1,1,0,0,1,1,4,1,1,0,3,0,1,0,0,1,0,0,0
1,"Cleaver, Miss. Alice",20,2,0,2,0,3,0,0,0,2,0,0,2,1,0,0,0,0,1,2,0,0,1,0,0,0,0
1,"Moubarek, Master. Halim Gonios (""William George"")",49,4,1,0,0,4,0,3,1,4,0,1,3,4,1,4,0,0,3,2,1,1,0,1,0,0,0
1,"Mayne, Mlle. Berthe Antonine (""Mrs de Villiers"")",48,2,1,0,1,7,0,0,1,3,0,0,4,3,4,1,0,0,3,2,2,0,1,0,0,1,0
0,"Klaber, Mr. Herman",18,2,1,0,0,2,0,0,1,0,0,1,1,2,1,0,0,0,3,0,0,0,0,0,0,0,0
1,"Taylor, Mr. Elmer Zebley",24,1,1,0,0,4,0,0,0,0,0,0,3,2,0,1,0,0,3,0,1,0,0,0,0,2,1
0,"Larsson, Mr. August Viktor",26,2,0,0,0,0,0,1,0,1,0,1,1,1,1,2,0,0,3,3,2,2,1,0,0,0,0
0,"Greenberg, Mr. Samuel",21,1,1,0,0,4,0,2,0,0,0,0,1,2,1,0,0,0,3,1,0,1,0,0,0,0,0
0,"Soholt, Mr. Peter Andreas Lauritz Andersen",42,4,0,0,2,5,0,0,1,1,0,0,2,1,3,2,1,0,5,3,3,1,0,0,0,0,1
1,"Endres, Miss. Caroline Louise",29,1,0,1,1,4,0,0,0,3,0,0,2,1,2,2,0,0,2,4,0,1,0,0,0,0,0
1,"Troutt, Miss. Edwina Celia ""Winnie""",35,2,0,1,1,3,0,0,0,5,0,0,1,1,3,1,0,0,1,2,3,1,0,2,0,0,0
0,"McEvoy, Mr. Michael",19,1,0,2,0,2,0,0,1,1,0,0,1,3,0,1,0,0,1,0,0,0,1,0,0,1,0
0,"Johnson, Mr. Malkolm Joackim",28,2,0,1,0,0,0,0,1,1,2,2,2,4,2,4,0,0,1,1,0,0,0,0,0,0,0
1,"Harper, Miss. Annie Jessie ""Nina""",33,3,0,0,0,4,0,0,1,4,1,0,0,1,4,0,1,0,2,4,0,0,0,0,0,0,0
0,"Jensen, Mr. Svend Lauritz",25,1,0,0,1,3,0,0,0,1,1,0,1,1,3,0,0,0,2,2,1,1,1,0,0,0,1
0,"Gillespie, Mr. William Henry",28,1,0,0,0,3,0,1,1,4,0,0,4,2,1,0,1,0,2,1,0,0,0,1,0,1,0
0,"Hodges, Mr. Henry Price",23,0,0,1,1,3,0,1,2,1,0,0,0,1,1,1,1,0,3,1,0,0,0,0,0,1,0
1,"Chambers, Mr. Norman Campbell",29,3,2,2,0,2,0,0,1,0,0,0,2,4,2,1,1,0,3,1,0,0,0,0,0,0,0
0,"Oreskovic, Mr. Luka",19,1,0,1,0,1,0,0,0,1,0,2,1,1,0,2,0,0,2,1,0,1,1,0,0,0,0
1,"Renouf, Mrs. Peter Henry (Lillian Jefferys)",43,1,0,0,0,6,3,0,1,2,1,0,3,1,3,1,1,0,5,2,1,1,0,0,0,2,0
1,"Mannion, Miss. Margareth",24,3,0,0,0,1,0,1,1,2,0,0,0,3,3,1,0,0,2,2,1,0,0,0,0,0,0
0,"Bryhl, Mr. Kurt Arnold Gottfrid",31,1,1,0,2,0,1,1,1,1,0,1,2,1,1,2,0,0,5,0,3,1,0,0,0,1,0
0,"Ilmakangas, Miss. Pieta Sofia",29,5,0,0,0,1,1,1,0,4,0,1,1,2,1,1,1,0,0,4,1,0,0,0,0,0,0
1,"Allen, Miss. Elisabeth Walton",29,3,1,0,0,3,0,0,1,2,0,0,4,1,2,1,0,0,0,3,2,0,0,1,0,0,0
0,"Hassan, Mr. Houssein G N",24,2,0,0,0,1,0,1,2,1,0,0,0,1,3,1,0,0,1,4,0,1,0,0,0,0,0
0,"Knight, Mr. Robert J",20,0,1,0,0,1,0,1,1,1,1,1,0,1,1,1,0,0,3,0,2,0,0,0,0,0,0
0,"Berriman, Mr. William John",26,2,1,0,0,1,0,0,1,3,1,0,2,3,2,1,0,0,3,0,0,0,0,1,0,0,0
0,"Troupiansky, Mr. Moses Aaron",28,3,0,0,0,1,0,0,0,1,0,1,0,2,2,3,1,0,3,3,1,1,0,0,0,1,0
0,"Williams, Mr. Leslie",20,1,0,0,0,2,0,0,0,3,0,0,4,2,0,0,0,0,1,2,0,0,0,1,0,0,0
0,"Ford, Mrs. Edward (Margaret Ann Watson)",39,5,0,0,3,2,1,1,0,0,0,0,0,2,3,2,0,0,5,2,2,0,0,2,0,0,0
1,"Lesurer, Mr. Gustave J",22,1,0,0,0,3,0,1,0,0,1,0,1,1,0,0,0,0,3,2,1,2,1,0,0,0,0
0,"Ivanoff, Mr. Kanio",18,2,0,0,0,0,2,0,0,2,0,1,0,1,2,2,0,0,1,0,0,0,1,0,0,0,0
0,"Nankoff, Mr. Minko",18,1,0,0,0,0,2,0,0,1,0,2,0,2,3,2,0,0,1,0,0,0,0,0,0,0,0
1,"Hawksford, Mr. Walter James",27,3,0,0,1,2,1,0,1,0,1,1,1,2,0,1,0,0,3,2,1,0,0,2,0,0,0
0,"Cavendish, Mr. Tyrell William",29,2,0,1,1,2,0,0,1,3,0,0,4,2,1,0,0,0,2,1,1,0,1,1,0,1,0
1,"Ryerson, Miss. Susan Parker ""Suzette""",37,2,0,0,0,4,0,0,0,1,0,1,0,1,2,1,1,0,4,6,2,2,0,0,0,1,1
0,"McNamee, Mr. Neal",17,2,0,1,0,3,0,0,0,0,0,0,1,3,2,0,0,0,1,0,0,0,0,0,0,0,0
1,"Stranden, Mr. Juho",18,1,0,0,1,1,0,0,1,0,1,0,0,1,2,1,0,0,2,1,1,1,0,0,0,0,0
0,"Crosby, Capt. Edward Gifford",28,2,1,2,3,1,2,1,0,1,0,0,0,0,0,2,1,0,3,1,1,0,0,1,0,1,0
0,"Abbott, Mr. Rossmore Edward",27,2,2,0,2,2,0,0,0,0,0,0,0,2,0,3,0,0,4,2,2,0,0,1,0,0,0
1,"Sinkkonen, Miss. Anna",21,2,0,0,0,1,0,0,0,2,0,2,0,1,5,1,0,0,0,3,0,0,0,0,0,0,0
0,"Marvin, Mr. Daniel Warner",25,3,0,0,1,2,0,0,0,2,0,0,1,2,3,0,0,0,4,0,0,0,1,1,0,0,0
0,"Connaghton, Mr. Michael",23,2,0,2,0,1,0,1,2,1,0,0,1,2,3,2,0,0,1,0,1,0,0,0,0,0,0
1,"Wells, Miss. Joan",17,1,0,0,0,1,0,0,0,1,1,0,2,1,1,1,0,0,0,3,0,0,0,1,0,0,0
1,"Moor, Master. Meier",19,1,0,0,0,3,0,0,0,1,0,0,0,3,0,2,0,0,3,1,1,0,0,0,0,0,0
0,"Vande Velde, Mr. Johannes Joseph",32,2,0,0,2,5,0,0,2,0,2,0,1,1,3,2,1,0,1,2,0,0,2,0,0,0,0
0,"Jonkoff, Mr. Lalio",18,1,0,0,0,0,2,0,0,1,1,1,2,1,1,3,0,0,1,0,0,0,0,0,0,0,0
1,"Herman, Mrs. Samuel (Jane Laver)",32,4,0,0,0,4,0,0,1,0,1,0,2,3,2,0,0,0,3,2,0,1,1,0,0,0,0
1,"Hamalainen, Master. Viljo",25,4,0,0,0,2,0,0,1,2,1,0,2,2,2,1,0,0,1,1,1,0,1,0,0,0,0
0,"Carlsson, Mr. August Sigfrid",28,2,0,1,1,0,1,2,0,2,0,0,1,1,1,1,0,0,3,4,1,2,0,0,0,0,0
0,"Bailey, Mr. Percy Andrew",24,2,1,1,1,3,0,0,0,1,0,0,1,1,1,0,1,0,3,0,0,0,0,1,0,2,0
0,"Theobald, Mr. Thomas Leonard",28,3,1,0,2,2,0,0,2,0,0,0,2,2,1,3,0,0,2,1,2,0,0,0,0,0,0
1,"Rothes, the Countess. of (Lucy Noel Martha Dyer-Edwards)",56,3,0,2,3,6,1,0,3,0,0,0,2,1,2,4,0,0,4,4,4,2,0,1,0,2,0
0,"Garfirth, Mr. John",18,1,0,0,0,0,1,1,2,1,1,0,0,1,1,1,0,0,3,0,1,0,0,0,0,0,0
0,"Nirva, Mr. Iisakki Antino Aijo",30,4,0,0,0,0,0,0,0,6,1,2,0,1,3,2,0,0,2,1,1,0,1,0,0,0,0
1,"Barah, Mr. Hanna Assi",21,5,1,0,0,0,0,0,2,1,0,0,0,1,2,0,0,0,2,2,0,0,0,0,0,0,0
1,"Carter, Mrs. William Ernest (Lucile Polk)",41,2,0,2,0,4,0,0,0,3,0,1,5,2,1,1,1,0,4,2,2,1,0,1,0,0,0
0,"Eklund, Mr. Hans Linus",22,1,0,0,1,1,0,0,1,1,0,1,2,1,3,0,0,0,1,2,0,2,0,0,0,0,0
1,"Hogeboom, Mrs. John C (Anna Andrews)",36,3,1,1,1,2,0,1,2,0,1,0,0,2,4,4,0,0,2,2,0,0,0,1,0,0,0
0,"Brewe, Dr. Arthur Jackson",25,2,1,1,1,2,0,0,1,0,1,1,0,0,1,1,0,0,4,1,1,1,0,1,0,0,0
0,"Mangan, Miss. Mary",18,3,0,0,0,0,0,1,0,1,0,0,0,3,2,0,0,0,1,2,0,0,0,0,0,1,0
0,"Moran, Mr. Daniel J",19,2,0,0,1,1,0,0,0,1,1,0,1,2,2,1,0,0,2,0,0,0,0,0,0,0,0
0,"Gronnestad, Mr. Daniel Danielsen",32,3,0,0,3,4,0,1,0,2,0,0,2,1,5,1,0,0,2,2,1,0,0,0,0,0,0
0,"Lievens, Mr. Rene Aime",22,1,0,0,0,5,0,0,0,2,0,0,1,2,2,0,0,0,2,1,0,0,1,0,0,0,0
0,"Jensen, Mr. Niels Peder",23,0,0,0,1,5,0,0,0,1,1,0,1,1,3,0,1,0,2,2,0,0,0,0,0,0,0
0,"Mack, Mrs. (Mary)",17,2,0,1,0,0,0,0,0,0,0,1,0,3,0,0,0,0,2,1,0,0,0,0,0,1,0
0,"Elias, Mr. Dibo",15,1,1,0,1,1,0,0,0,2,0,0,1,1,0,1,0,0,1,1,0,0,0,0,0,0,0
1,"Hocking, Mrs. Elizabeth (Eliza Needs)",37,2,1,1,1,5,0,1,2,3,0,1,2,1,2,1,0,0,1,2,1,0,0,0,0,0,2
0,"Myhrman, Mr. Pehr Fabian Oliver Malkolm",39,4,1,0,0,2,1,0,2,2,0,1,3,5,2,2,1,0,4,0,0,0,1,0,0,1,0
0,"Tobin, Mr. Roger",16,0,1,0,0,1,0,1,0,1,0,0,0,1,1,2,0,0,3,0,1,0,0,0,0,0,0
1,"Emanuel, Miss. Virginia Ethel",29,2,0,0,0,4,0,1,1,4,0,0,2,2,2,0,0,0,1,2,1,1,1,0,0,0,0
0,"Kilgannon, Mr. Thomas J",23,2,0,0,0,0,0,1,1,1,1,1,1,2,3,2,0,0,1,1,1,0,0,0,0,0,0
1,"Robert, Mrs. Edward Scott (Elisabeth Walton McMillan)",53,4,2,2,2,4,0,0,1,2,0,0,4,3,2,3,0,0,4,3,5,0,0,2,0,0,0
1,"Ayoub, Miss. Banoura",20,3,2,0,0,0,0,0,0,1,0,0,0,1,1,2,0,0,1,2,0,2,0,0,0,1,0
1,"Dick, Mrs. Albert Adrian (Vera Gillespie)",41,4,1,1,2,4,0,1,0,4,0,1,3,1,1,0,1,0,4,2,1,0,1,0,0,0,0
0,"Long, Mr. Milton Clyde",22,0,0,1,1,1,0,1,0,1,0,0,3,2,2,2,0,0,1,0,1,0,0,0,0,1,0
0,"Johnston, Mr. Andrew G",22,1,0,0,1,1,0,1,1,0,1,0,0,1,3,2,0,0,2,1,1,0,0,1,0,0,0
0,"Ali, Mr. William",16,2,0,0,0,0,0,0,0,3,0,0,3,2,0,0,0,0,1,0,0,0,0,1,0,0,0
0,"Harmer, Mr. Abraham (David Lishin)",34,5,1,0,2,1,0,0,3,3,0,0,1,3,1,0,0,0,4,1,0,0,1,0,0,0,0
1,"Sjoblom, Miss. Anna Sofia",25,3,1,0,0,0,1,0,0,2,1,0,1,2,2,3,0,0,0,4,0,0,0,0,0,0,0
0,"Rice, Master. George Hugh",25,1,0,1,0,4,0,3,2,1,0,0,0,1,0,1,0,0,3,1,1,1,0,0,0,0,0
1,"Dean, Master. Bertram Vere",26,3,1,0,1,5,0,0,0,0,0,0,0,2,1,0,0,0,4,1,2,0,1,0,0,0,0
0,"Guggenheim, Mr. Benjamin",24,1,1,0,0,3,0,3,1,2,1,0,0,3,3,0,0,0,1,0,0,1,0,0,0,0,0
0,"Keane, Mr. Andrew ""Andy""",24,3,0,0,2,3,0,0,0,0,0,1,0,1,3,0,0,0,2,0,0,0,0,1,0,1,0
0,"Gaskell, Mr. Alfred",19,2,0,0,1,2,1,1,0,0,0,1,3,1,0,0,0,0,2,1,0,0,0,0,0,0,0
0,"Sage, Miss. Stella Anna",23,4,0,0,0,2,0,1,0,1,0,0,2,1,2,0,0,0,0,4,1,0,0,0,0,0,0
0,"Hoyt, Mr. William Fisher",24,1,0,0,0,1,1,0,2,3,0,0,2,2,0,1,0,0,2,1,1,0,0,1,0,1,0
0,"Dantcheff, Mr. Ristiu",21,1,0,1,1,1,2,0,1,2,0,0,0,1,1,0,0,0,2,1,2,1,0,0,0,0,0
0,"Otter, Mr. Richard",18,1,0,1,1,1,0,0,1,1,0,0,0,1,0,1,0,0,4,0,2,0,0,0,0,0,0
1,"Leader, Dr. Alice (Farnham)",27,4,0,1,2,3,1,0,1,1,0,0,2,1,1,0,0,0,3,0,0,0,0,0,0,0,0
1,"Osman, Mrs. Mara",16,3,0,0,0,0,0,0,0,0,0,0,0,3,1,1,0,0,2,2,0,0,0,0,0,0,0
0,"Ibrahim Shawah, Mr. Yousseff",28,3,1,0,0,1,2,0,3,2,0,0,0,2,0,1,0,0,2,3,0,1,0,1,0,1,0
0,"Van Impe, Mrs. Jean Baptiste (Rosalie Paula Govaert)",52,7,1,0,0,5,0,1,0,3,1,0,2,2,2,2,3,0,3,3,3,1,2,0,0,0,0
0,"Ponesell, Mr. Martin",20,1,0,0,0,2,0,0,0,1,0,0,2,2,2,1,1,0,2,1,1,0,0,0,0,0,0
1,"Collyer, Mrs. Harvey (Charlotte Annie Tate)",43,4,0,2,0,5,0,0,2,1,0,0,3,1,2,2,0,0,4,1,4,0,1,0,0,2,0
1,"Carter, Master. William Thornton II",35,3,0,1,0,2,0,0,1,4,0,0,2,2,2,2,0,0,4,1,4,0,0,1,0,0,0
1,"Thomas, Master. Assad Alexander",31,6,0,0,2,3,0,0,1,0,0,0,1,2,1,1,0,0,2,4,2,0,0,0,1,0,0
1,"Hedman, Mr. Oskar Arvid",23,3,0,0,2,1,0,0,1,1,0,1,0,2,1,1,0,0,3,1,0,0,1,0,0,0,0
0,"Johansson, Mr. Karl Johan",25,3,0,0,0,0,0,0,2,0,2,1,1,1,3,3,0,0,2,2,0,0,0,0,0,0,0
0,"Andrews, Mr. Thomas Jr",22,2,0,0,1,1,0,0,1,0,1,0,0,2,1,1,0,0,3,2,1,0,0,1,0,0,0
0,"Pettersson, Miss. Ellen Natalia",31,3,0,0,0,4,0,0,0,2,0,0,3,1,3,1,1,0,1,4,3,0,0,0,0,0,0
0,"Meyer, Mr. August",17,1,0,0,0,2,0,1,0,0,0,0,0,2,0,0,0,0,2,1,1,2,0,0,0,1,0
1,"Chambers, Mrs. Norman Campbell (Bertha Griggs)",46,4,3,2,0,3,0,3,2,1,0,0,2,4,2,1,1,0,5,3,1,0,0,0,0,0,0
0,"Alexander, Mr. William",22,3,0,0,1,2,0,0,0,2,0,0,3,2,1,0,0,0,2,0,0,0,0,1,1,0,0
0,"Lester, Mr. James",17,1,0,0,0,3,0,0,0,0,1,0,1,2,0,0,0,0,2,2,1,0,0,0,0,0,0
0,"Slemen, Mr. Richard James",25,2,0,1,1,3,0,0,1,1,1,0,1,3,1,0,0,0,3,2,0,0,0,0,0,0,0
0,"Andersson, Miss. Ebba Iris Alfrida",34,4,2,0,2,2,1,0,0,4,0,0,1,1,2,1,0,0,3,5,0,0,0,0,0,0,0
0,"Tomlin, Mr. Ernest Portage",26,1,0,0,0,3,0,1,0,1,0,0,1,2,2,2,1,0,3,1,3,0,0,0,0,0,0
0,"Fry, Mr. Richard",16,1,0,1,1,0,1,0,1,1,0,0,0,1,0,0,0,0,4,0,0,0,0,0,0,1,0
0,"Heininen, Miss. Wendla Maria",28,3,0,0,1,3,0,0,1,4,0,0,1,2,4,0,0,0,1,2,0,0,0,1,0,0,0
0,"Mallet, Mr. Albert",18,2,1,0,0,2,0,0,0,0,0,0,3,2,0,0,0,0,2,0,2,0,0,0,0,0,0
0,"Holm, Mr. John Fredrik Alexander",32,2,0,0,2,3,1,0,2,1,1,1,2,2,2,2,0,0,4,0,0,0,0,0,1,0,0
0,"Skoog, Master. Karl Thorsten",28,2,0,0,0,2,0,1,1,0,0,2,1,1,1,3,0,0,3,3,3,0,0,0,0,0,0
1,"Hays, Mrs. Charles Melville (Clara Jennings Gregg)",50,4,0,2,0,5,0,4,2,2,1,0,5,2,3,0,0,0,4,4,0,0,1,0,0,1,0
1,"Lulic, Mr. Nikola",17,1,0,1,0,0,0,0,0,2,0,1,3,1,1,1,0,0,1,0,0,1,0,0,0,0,0
0,"Reuchlin, Jonkheer. John George",31,0,0,1,0,5,0,2,3,1,2,1,1,0,3,3,0,0,3,0,0,1,0,0,0,0,0
1,"Moor, Mrs. (Beila)",18,1,1,0,0,1,0,0,0,1,0,0,1,2,0,2,0,0,2,1,0,0,0,0,0,0,0
0,"Panula, Master. Urho Abraham",28,6,1,0,0,1,0,0,2,0,0,0,1,2,1,1,1,0,3,1,1,2,0,0,0,0,0
0,"Flynn, Mr. John",15,0,0,0,0,0,1,0,1,0,1,0,1,1,3,1,0,0,1,0,0,0,0,0,0,1,0
0,"Lam, Mr. Len",12,1,0,0,0,1,0,0,0,0,0,0,2,2,1,0,0,0,1,0,0,0,0,0,0,0,0
1,"Mallet, Master. Andre",21,3,0,0,1,3,0,0,0,0,0,0,2,2,1,0,0,0,2,1,2,0,0,0,0,0,0
1,"McCormack, Mr. Thomas Joseph",28,2,0,3,0,1,0,0,2,0,1,1,0,4,0,3,1,0,2,2,1,0,0,0,0,0,0
1,"Stone, Mrs. George Nelson (Martha Evelyn)",41,2,0,0,0,6,0,2,1,0,0,0,2,2,4,3,0,0,3,3,2,0,1,0,0,1,0
1,"Yasbeck, Mrs. Antoni (Selini Alexander)",39,4,1,1,1,4,0,0,0,3,0,1,2,1,4,1,0,0,2,3,1,0,0,0,1,1,0
1,"Richards, Master. George Sibley",31,2,1,1,1,4,0,2,1,2,0,0,1,1,0,1,0,0,4,3,1,0,0,0,0,1,0
0,"Saad, Mr. Amin",14,3,0,0,1,0,0,0,0,1,0,0,0,2,1,0,0,0,1,1,0,0,0,0,0,0,0
0,"Augustsson, Mr. Albert",22,2,1,0,0,1,0,1,0,0,0,0,1,1,1,1,0,0,2,3,2,2,0,0,0,0,0
0,"Allum, Mr. Owen George",22,1,0,0,0,3,0,2,0,0,0,0,2,2,1,2,0,0,2,0,0,1,0,1,0,0,0
1,"Compton, Miss. Sara Rebecca",27,3,1,3,0,2,0,0,0,1,0,0,0,2,1,2,1,0,2,3,1,0,0,0,0,0,0
0,"Pasic, Mr. Jakob",16,2,1,1,0,0,0,0,0,1,1,1,0,1,0,1,1,0,1,1,0,0,0,0,0,0,0
0,"Sirota, Mr. Maurice",19,2,0,1,0,1,0,0,0,2,0,0,0,2,0,1,0,0,3,1,1,1,0,0,0,0,0
1,"Chip, Mr. Chang",15,1,0,2,0,0,0,1,2,1,0,0,0,1,1,0,1,0,1,0,0,0,0,0,0,0,0
1,"Marechal, Mr. Pierre",20,2,0,1,0,3,0,0,1,1,0,0,1,2,0,0,1,0,4,0,0,0,0,0,0,0,0
0,"Alhomaki, Mr. Ilmari Rudolf",27,3,0,0,1,0,1,0,1,3,0,1,3,3,0,2,0,0,3,0,0,1,0,0,0,0,0
0,"Mudd, Mr. Thomas Charles",24,2,0,1,2,1,0,0,2,0,0,0,1,3,0,1,0,0,2,2,1,1,0,0,0,0,0
1,"Serepeca, Miss. Augusta",23,3,0,1,0,3,0,1,0,1,0,0,0,1,0,0,1,0,1,4,1,2,0,0,0,0,0
0,"Lemberopolous, Mr. Peter L",26,0,1,0,0,4,0,0,0,0,0,0,3,2,0,3,2,0,3,1,1,1,0,0,0,0,0
0,"Culumovic, Mr. Jeso",19,0,0,2,0,1,0,0,0,1,1,0,1,2,0,2,0,0,1,1,0,2,1,0,0,0,0
0,"Abbing, Mr. Anthony",19,2,2,0,0,0,0,1,1,1,0,0,0,1,3,1,0,0,1,0,1,0,0,0,0,1,0
0,"Sage, Mr. Douglas Bullen",24,2,1,0,1,2,0,2,0,0,0,0,3,1,1,1,0,0,1,2,0,2,0,0,0,0,0
0,"Markoff, Mr. Marin",18,2,0,0,0,0,2,0,0,1,0,1,0,3,1,1,0,0,3,0,0,0,0,0,0,0,0
0,"Harper, Rev. John",17,1,0,0,0,2,0,0,2,0,1,0,0,0,1,1,1,0,3,0,0,0,1,0,0,0,0
1,"Goldenberg, Mrs. Samuel L (Edwiga Grabowska)",44,4,2,0,2,4,0,4,0,1,0,1,3,2,1,2,0,0,3,3,0,1,0,2,0,0,0
0,"Andersson, Master. Sigvard Harald Elias",39,6,0,0,3,3,0,1,1,2,0,0,2,1,2,1,0,0,4,5,1,0,1,0,0,0,0
0,"Svensson, Mr. Johan",19,1,0,0,0,1,0,0,1,0,1,0,0,1,3,2,0,0,1,3,0,0,1,0,0,0,0
0,"Boulos, Miss. Nourelain",23,1,1,0,0,1,0,0,0,2,0,0,2,1,2,3,0,0,1,3,0,2,0,0,0,0,0
1,"Lines, Miss. Mary Conover",25,1,0,1,0,2,0,0,0,2,0,0,1,2,2,2,0,0,2,3,0,0,1,0,0,1,0
0,"Carter, Mrs. Ernest Courtenay (Lilian Hughes)",45,3,0,2,0,5,0,1,2,2,0,0,2,1,3,1,0,0,5,3,3,2,0,0,0,1,0
1,"Aks, Mrs. Sam (Leah Rosen)",26,3,0,0,0,2,0,0,1,0,0,1,1,2,1,1,0,0,2,4,0,0,0,0,0,0,0
1,"Wick, Mrs. George Dennick (Mary Hitchcock)",42,1,0,5,1,3,0,2,2,3,0,3,0,2,2,2,0,0,3,1,1,0,0,1,0,1,0
1,"Daly, Mr. Peter Denis ",22,1,0,0,2,3,0,0,0,1,0,0,1,1,1,0,1,0,2,1,1,0,0,0,0,1,0
1,"Baclini, Mrs. Solomon (Latifa Qurban)",37,4,2,1,0,0,1,0,0,3,0,0,3,2,3,3,0,1,2,2,1,1,0,0,0,0,0
0,"Razi, Mr. Raihed",16,2,0,0,1,1,0,0,1,2,0,0,0,1,0,0,0,0,3,0,0,0,0,0,0,0,1
0,"Hansen, Mr. Claus Peter",23,2,0,1,0,3,0,0,1,0,0,0,1,1,2,0,1,0,2,2,1,1,0,0,0,0,0
0,"Giles, Mr. Frederick Edward",27,1,0,1,3,4,1,1,0,2,0,1,1,1,0,0,0,0,4,1,0,0,0,1,0,0,0
1,"Swift, Mrs. Frederick Joel (Margaret Welles Barron)",51,3,1,1,1,6,2,1,0,2,1,1,3,2,1,2,0,0,7,3,2,0,0,2,0,0,0
0,"Sage, Miss. Dorothy Edith ""Dolly""",33,1,0,0,3,2,0,1,2,2,0,0,2,1,0,3,0,0,1,3,2,0,0,0,0,2,0
0,"Gill, Mr. John William",22,1,0,0,0,0,0,1,1,3,1,0,4,2,1,1,0,0,1,0,0,0,0,1,0,0,0
1,"Bystrom, Mrs. (Karolina)",24,2,1,0,0,0,0,0,0,1,0,1,1,2,1,2,0,0,3,2,1,0,0,0,0,1,0
1,"Duran y More, Miss. Asuncion",28,2,0,1,1,1,0,0,0,2,0,0,0,2,3,2,0,0,2,3,0,2,0,0,0,1,0
0,"Roebling, Mr. Washington Augustus II",36,2,1,0,0,1,0,3,1,4,0,0,1,1,3,2,0,0,2,3,2,3,0,1,0,0,0
0,"van Melkebeke, Mr. Philemon",27,1,1,0,0,5,0,0,1,1,0,2,2,3,2,1,1,0,1,0,0,0,1,0,0,0,0
1,"Johnson, Master. Harold Theodor",31,2,0,0,2,2,0,0,3,0,1,0,1,1,2,5,0,0,3,2,2,0,0,0,0,0,0
0,"Balkic, Mr. Cerin",17,1,1,2,0,1,0,0,0,2,0,1,1,1,1,0,0,0,2,0,0,0,0,0,0,0,0
1,"Beckwith, Mrs. Richard Leonard (Sallie Monypeny)",48,3,1,2,2,4,0,0,2,3,0,1,3,2,3,2,1,0,4,2,1,0,0,1,0,2,0
0,"Carlsson, Mr. Frans Olof",24,2,0,1,0,0,2,0,0,0,0,0,2,1,2,3,0,0,3,3,0,0,0,0,0,0,0
0,"Vander Cruyssen, Mr. Victor",27,1,0,2,1,2,0,0,0,1,0,0,0,1,2,1,0,0,4,2,1,1,2,0,0,1,0
1,"Abelson, Mrs. Samuel (Hannah Wizosky)",37,4,1,0,0,2,0,0,2,1,0,1,2,2,3,2,0,0,1,4,0,1,0,1,0,1,1
1,"Najib, Miss. Adele Kiamie ""Jane""",32,4,1,0,1,4,0,0,0,4,2,1,1,2,2,0,0,0,0,2,0,0,0,0,0,0,0
0,"Gustafsson, Mr. Alfred Ossian",29,3,0,0,1,1,2,1,0,1,0,0,1,1,2,2,0,0,2,5,1,1,0,0,0,0,0
0,"Petroff, Mr. Nedelio",20,0,0,0,1,3,2,0,0,1,0,0,1,1,1,2,1,0,2,0,1,0,0,0,0,0,0
0,"Laleff, Mr. Kristo",18,1,0,0,0,1,2,0,0,1,0,1,2,1,0,1,0,0,2,1,1,0,0,0,0,0,0
1,"Potter, Mrs. Thomas Jr (Lily Alexenia Wilson)",45,3,0,0,0,3,0,0,1,3,1,0,4,2,2,3,1,0,3,3,3,0,0,1,1,1,0
1,"Shelley, Mrs. William (Imanita Parrish Hall)",44,5,0,0,0,2,0,0,3,5,0,0,6,3,1,0,1,0,3,3,1,0,0,1,0,1,0
0,"Markun, Mr. Johann",18,2,0,0,0,0,0,0,1,0,1,1,0,2,3,1,0,0,2,0,0,1,0,0,0,0,0
0,"Dahlberg, Miss. Gerda Ulrika",28,3,1,0,2,2,0,2,1,2,0,1,2,1,0,0,0,0,3,2,0,1,0,0,0,0,0
0,"Banfield, Mr. Frederick James",29,2,1,1,2,4,2,0,0,2,1,1,1,2,1,0,0,0,3,1,0,0,0,0,0,0,0
0,"Sutehall, Mr. Henry Jr",22,1,0,0,0,2,0,0,2,0,1,0,2,1,1,0,0,0,3,1,1,1,0,0,0,1,0
0,"Rice, Mrs. William (Margaret Norton)",36,3,0,1,0,2,0,1,0,3,0,0,2,3,2,2,0,0,5,1,2,0,0,1,0,0,0
0,"Montvila, Rev. Juozas",21,2,0,0,0,1,0,0,0,1,1,0,1,1,1,2,0,0,1,1,1,1,2,0,0,0,1
1,"Graham, Miss. Margaret Edith",28,4,0,0,1,2,0,2,2,2,0,0,0,3,0,0,0,0,3,2,2,0,0,0,0,0,0
0,"Johnston, Miss. Catherine Helen ""Carrie""",40,2,0,2,0,5,0,0,3,3,1,0,1,1,4,2,0,0,3,3,2,0,0,0,0,0,0
1,"Behr, Mr. Karl Howell",21,1,1,0,0,2,0,0,2,0,0,1,3,1,0,1,0,0,3,0,0,0,0,1,0,0,0
0,"Dooley, Mr. Patrick",19,1,0,1,1,1,0,0,0,1,0,1,1,1,0,2,1,0,2,0,1,0,0,0,0,1,0
